"MS2","2"
"STK","6501","日米コア","1","東Ｐ","日立"
"STK","7751","日米コア","1","東Ｐ","キヤノン"
"STK","6849","日米コア","1","東Ｐ","日本光電工業"
"STK","4568","日米コア","1","東Ｐ","第一三共"
"STK","2208","日米コア","1","東Ｓ","ブルボン"
"STK","4922","日米コア","1","東Ｐ","コーセーホールディングス"
"STK","4507","日米コア","1","東Ｐ","塩野義製薬"
"STK","6752","日米コア","1","東Ｐ","パナソニックホールディンク"
"STK","4553","日米コア","1","東Ｐ","東和薬品"
"STK","4519","日米コア","1","東Ｐ","中外製薬"
"STK","3569","日米コア","1","東Ｐ","セーレン"
"STK","2802","日米コア","1","東Ｐ","味の素"
"STK","4502","日米コア","1","東Ｐ","武田薬品"
"STK","3405","日米コア","1","東Ｐ","クラレ"
"STK","4570","日米コア","1","東Ｇ","免疫生物研究所"
"USS","AAPL","日米コア","A9","米国","アップル"
"USS","BABA","日米コア","A1","米国","アリババ・グループ・ホールディング"
"USS","AMZN","日米コア","A9","米国","アマゾン・ドット・コム"
"USS","GOOG","日米コア","A9","米国","アルファベット クラスC"
"USS","GOOGL","日米コア","A9","米国","アルファベット クラスA"
"USS","PYPL","日米コア","A9","米国","ペイパル"
"USS","BA","日米コア","A1","米国","ボーイング"
"USS","DIS","日米コア","A1","米国","ウォルト・ディズニー"
"USS","HWM","日米コア","A1","米国","ハウメット・エアロスペース"
"USS","RACE","日米コア","A1","米国","フェラーリ"
"USS","CSCO","日米コア","A9","米国","シスコシステムズ"
"USS","NVDA","日米コア","A9","米国","エヌビディア"
"USS","U","日米コア","A1","米国","ユニティー・ソフトウェア"
"USS","ZM","日米コア","A9","米国","ズーム・コミュニケーションズ"
"USS","IBM","日米コア","A1","米国","IBM"
"USS","YUM","日米コア","A1","米国","ヤム・ブランズ"
"USS","MCD","日米コア","A1","米国","マクドナルド"
"USS","ARM","日米コア","A9","米国","アーム・ホールディングス"
"USS","TSM","日米コア","A1","米国","タイワン・セミコンダクター・マニュファクチャリング"
"USS","AVGO","日米コア","A9","米国","ブロードコム"
"USS","BOTZ","日米コア","A9","米国","グローバルX ロボット＆AI・ETF"
"USS","AI","日米コア","A1","米国","シースリー・エーアイ"
"USS","PLTR","日米コア","A9","米国","パランティア・テクノロジーズ"
"USS","SPY","日米コア","A1","米国","State Street SPDR S&P 500 ETF"
"USS","VTI","日米コア","A1","米国","バンガード・モーニングスター・トータル・ストック・マーケットETF"
"USS","SPCX","日米コア","A9","米国","スペースX"
"USS","BUG","長期・配当","A9","米国","グローバルX サイバーセキュリティ ETF"
"USS","HACK","長期・配当","A1","米国","アンプリファイ・サイバー・セキュリティー・ETF"
"STK","4503","長期・配当","1","東Ｐ","アステラス製薬"
"STK","6301","長期・配当","1","東Ｐ","小松製作所"
"STK","9432","長期・配当","1","東Ｐ","ＮＴＴ"
"STK","9433","長期・配当","1","東Ｐ","ＫＤＤＩ"
"STK","4996","長期・配当","1","東Ｐ","クミアイ化学"
"STK","4188","長期・配当","1","東Ｐ","三菱ケミカルグループ"
"STK","2181","長期・配当","1","東Ｐ","パーソルホールディングス"
"USS","JNJ","長期・配当","A1","米国","ジョンソン・エンド・ジョンソン"
"USS","PG","長期・配当","A1","米国","プロクター・アンド・ギャンブル"
"USS","ABBV","長期・配当","A1","米国","アッヴィ"
"USS","VZ","長期・配当","A1","米国","ベライゾン・コミュニケーションズ"
"USS","IBM","長期・配当","A1","米国","IBM"
"STK","1333","長期・配当","1","東Ｐ","Ｕｍｉｏｓ"
"STK","1928","長期・配当","1","東Ｐ","積水ハウス"
"STK","2317","長期・配当","1","東Ｐ","システナ"
"STK","1434","長期・配当","1","東Ｓ","ＪＥＳＣＯホールディングス"
"STK","2124","長期・配当","1","東Ｐ","ジェイエイシーリクルートメント"
"STK","3436","長期・配当","1","東Ｐ","ＳＵＭＣＯ"
"STK","5105","長期・配当","1","東Ｐ","ＴＯＹＯＴＩＲＥ"
"STK","2768","長期・配当","1","東Ｐ","双日"
"STK","3763","長期・配当","1","東Ｐ","プロシップ"
"STK","5711","長期・配当","1","東Ｐ","三菱マテリアル"
"STK","7433","長期・配当","1","東Ｐ","伯東"
"STK","5201","長期・配当","1","東Ｐ","ＡＧＣ"
"STK","6326","長期・配当","1","東Ｐ","クボタ"
"STK","8252","長期・配当","1","東Ｐ","丸井グループ"
"STK","8381","長期・配当","1","東Ｐ","山陰合同銀行"
"STK","7751","長期・配当","1","東Ｐ","キヤノン"
"STK","8306","長期・配当","1","東Ｐ","三菱ＵＦＪフィナンシャルＧ"
"STK","8860","長期・配当","1","東Ｐ","フジ住宅"
"STK","8591","長期・配当","1","東Ｐ","オリックス"
"STK","9232","長期・配当","","",""
"STK","3947","長期・配当","1","東Ｓ","ダイナパック"
"STK","2754","長期・配当","","",""
"STK","7292","長期・配当","1","東Ｓ","村上開明堂"
"STK","6091","長期・配当","1","東Ｓ","ウエスコホールディングス"
"STK","7297","長期・配当","1","東Ｓ","カーメイト"
"STK","4464","長期・配当","1","東Ｓ","ソフト９９コーポレーション"
"STK","9782","長期・配当","1","東Ｓ","ディーエムエス"
"STK","4247","長期・配当","1","東Ｓ","ポバール興業"
"STK","7464","長期・配当","1","東Ｓ","セフテック"
"STK","7820","長期・配当","1","東Ｐ","ニホンフラッシュ"
"STK","1930","長期・配当","1","東Ｐ","北陸電気工事"
"STK","6307","長期・配当","1","東Ｓ","サンセイ"
"STK","6392","長期・配当","1","東Ｓ","ヤマダコーポレーション"
"STK","5982","長期・配当","1","東Ｓ","マルゼン"
"STK","4502","長期・配当","1","東Ｐ","武田薬品"
"STK","8593","長期・配当","1","東Ｐ","三菱ＨＣキャピタル"
"STK","4008","長期・配当","1","東Ｐ","住友精化"
"STK","5938","長期・配当","1","東Ｐ","ＬＩＸＩＬ"
"STK","5302","長期・配当","1","東Ｐ","日本カーボン"
"STK","1951","長期・配当","1","東Ｐ","エクシオグループ"
"STK","2914","長期・配当","1","東Ｐ","日本たばこ産業"
"STK","8058","長期・配当","1","東Ｐ","三菱商事"
"STK","9434","長期・配当","1","東Ｐ","ソフトバンク"
"STK","9104","長期・配当","1","東Ｐ","商船三井"
"STK","202A","長期・配当","","",""
"STK","8570","長期・配当","1","東Ｐ","イオンフィナンシャルサービス"
"STK","3003","長期・配当","1","東Ｐ","ヒューリック"
"STK","8316","長期・配当","1","東Ｐ","三井住友フィナンシャルＧ"
"STK","9101","長期・配当","1","東Ｐ","日本郵船"
"STK","4452","長期・配当","1","東Ｐ","花王"
"STK","8766","長期・配当","1","東Ｐ","東京海上ＨＤ"
"STK","8035","長期・配当","1","東Ｐ","東京エレクトロン"
"STK","7735","長期・配当","1","東Ｐ","ＳＣＲＥＥＮホールディングス"
"STK","4063","長期・配当","1","東Ｐ","信越化学"
"STK","7971","長期・配当","1","東Ｓ","東リ"
"STK","4246","長期・配当","1","東Ｐ","ダイキョーニシカワ"
"STK","6954","長期・配当","1","東Ｐ","ファナック"
"STK","6963","長期・配当","1","東Ｐ","ローム"
"STK","7150","金利・内需","1","東Ｓ","島根銀行"
"STK","7161","金利・内需","1","東Ｓ","じもとホールディングス"
"STK","7167","金利・内需","1","東Ｐ","めぶきフィナンシャルＧ"
"STK","7173","金利・内需","1","東Ｐ","東京きらぼしＦＧ"
"STK","8304","金利・内需","1","東Ｐ","あおぞら銀行"
"STK","8306","金利・内需","1","東Ｐ","三菱ＵＦＪフィナンシャルＧ"
"STK","8308","金利・内需","1","東Ｐ","りそなホールディングス"
"STK","8309","金利・内需","1","東Ｐ","三井住友トラストグルー"
"STK","2353","金利・内需","1","東Ｐ","日本駐車場開発"
"STK","3003","金利・内需","1","東Ｐ","ヒューリック"
"STK","3010","金利・内需","1","東Ｓ","ポラリス・ホールディングス"
"STK","3231","金利・内需","1","東Ｐ","野村不動産ＨＬＤＧＳ"
"STK","3232","金利・内需","1","東Ｐ","三重交通グループＨＤ"
"STK","3236","金利・内需","1","東Ｓ","プロパスト"
"STK","3113","金利・内需","1","東Ｓ","ＵＮＩＶＡ・ＯＡＫホールディン"
"STK","7148","金利・内需","1","東Ｐ","ＦＰＧ"
"STK","7162","金利・内需","1","東Ｓ","アストマックス"
"STK","7172","金利・内需","1","東Ｐ","ジャパンインベストメントＡ"
"STK","7175","金利・内需","1","東Ｓ","今村証券"
"STK","7177","金利・内需","1","東Ｓ","ＧＭＯフィナンシャルＨＬＤＧＳ"
"STK","8473","金利・内需","1","東Ｐ","ＳＢＩホールディングス"
"STK","8518","金利・内需","1","東Ｓ","日本アジア投資"
"STK","8410","金利・内需","1","東Ｐ","セブン銀行"
"STK","8411","金利・内需","1","東Ｐ","みずほフィナンシャルＧ"
"STK","8699","金利・内需","1","東Ｓ","ＨＳホールディングス"
"USS","PFF","金利・内需","A9","米国","iシェアーズ 優先株式 ＆ インカム証券 ETF"
"USS","HYG","金利・内需","A1","米国","iシェアーズ iBoxx 米ドル建てハイイールド社債 ETF"
"USS","VYM","金利・内需","A1","米国","バンガード・米国高配当株式ETF"
"USS","CWB","金利・内需","A1","米国","State Street SPDR ブルームバーグ・コンバーチブル債券ETF"
"USS","VWOB","金利・内需","A9","米国","バンガード・米ドル建て新興国政府債券ETF"
"USS","HDV","金利・内需","A1","米国","iシェアーズ　コア米国高配当株 ETF"
"USS","SPYD","金利・内需","A1","米国","State Street SPDR ポートフォリオS&P 500 高配当株式ETF"
"USS","SPY","金利・内需","A1","米国","State Street SPDR S&P 500 ETF"
"STK","8316","金利・内需","1","東Ｐ","三井住友フィナンシャルＧ"
"STK","2158","AI・半導体","1","東Ｇ","ＦＲＯＮＴＥＯ"
"STK","2186","AI・半導体","1","東Ｓ","ソーバル"
"STK","2315","AI・半導体","1","東Ｓ","ＣＡＩＣＡＤＩＧＩＴＡＬ"
"STK","2317","AI・半導体","1","東Ｐ","システナ"
"STK","2335","AI・半導体","1","東Ｐ","キューブシステム"
"STK","2349","AI・半導体","1","東Ｓ","エヌアイデイ"
"STK","2354","AI・半導体","1","東Ｓ","ＹＥＤＩＧＩＴＡＬ"
"STK","2488","AI・半導体","1","東Ｓ","ＪＴＰ"
"STK","3491","AI・半導体","1","東Ｇ","ＧＡＴＥＣＨＮＯＬＯＧＩＥＳ"
"STK","3652","AI・半導体","1","東Ｇ","ディジタルメディアプロ"
"STK","3653","AI・半導体","1","東Ｇ","モルフォ"
"STK","3655","AI・半導体","","",""
"STK","3666","AI・半導体","","",""
"STK","3680","AI・半導体","1","東Ｇ","ホットリンク"
"STK","3690","AI・半導体","1","東Ｓ","イルグルム"
"STK","3694","AI・半導体","1","東Ｐ","オプティム"
"STK","3744","AI・半導体","1","東Ｓ","サイオス"
"STK","3774","AI・半導体","1","東Ｐ","インターネットイニシアティブ"
"STK","3826","AI・半導体","1","東Ｓ","システムインテグレータ"
"STK","3905","AI・半導体","1","東Ｇ","データセクション"
"STK","3914","AI・半導体","1","東Ｇ","ＪＩＧ－ＳＡＷ"
"STK","3961","AI・半導体","","",""
"STK","3962","AI・半導体","1","東Ｐ","チェンジホールディングス"
"STK","4382","AI・半導体","1","東Ｓ","ＨＥＲＯＺ"
"STK","4662","AI・半導体","1","東Ｐ","フォーカスシステムズ"
"STK","4674","AI・半導体","1","東Ｐ","クレスコ"
"STK","4847","AI・半導体","1","東Ｐ","インテリジェントウェイブ"
"STK","6031","AI・半導体","1","東Ｓ","ＺＥＴＡ"
"STK","6050","AI・半導体","1","東Ｐ","イー・ガーディアン"
"STK","6088","AI・半導体","1","東Ｐ","シグマクシス・ホールディンク"
"STK","6182","AI・半導体","1","東Ｇ","メタリアル"
"STK","6425","AI・半導体","1","東Ｓ","ユニバーサルエンターテインメン"
"STK","6501","AI・半導体","1","東Ｐ","日立"
"STK","6572","AI・半導体","1","東Ｐ","オープングループ"
"STK","6701","AI・半導体","1","東Ｐ","日本電気"
"STK","6702","AI・半導体","1","東Ｐ","富士通"
"STK","6902","AI・半導体","1","東Ｐ","デンソー"
"STK","9474","AI・半導体","1","東Ｐ","ゼンリン"
"STK","9613","AI・半導体","","",""
"STK","9753","AI・半導体","1","東Ｓ","アイエックス・ナレッジ"
"STK","9984","AI・半導体","1","東Ｐ","ソフトバンクグループ"
"STK","2130","AI・半導体","1","東Ｐ","メンバーズ"
"STK","2173","AI・半導体","1","東Ｇ","博展"
"STK","2389","AI・半導体","","",""
"STK","2413","AI・半導体","1","東Ｐ","エムスリー"
"STK","2483","AI・半導体","1","東Ｓ","翻訳センター"
"STK","3544","AI・半導体","1","東Ｓ","サツドラホールディングス"
"STK","3627","AI・半導体","1","東Ｓ","テクミラホールディングス"
"STK","3639","AI・半導体","1","東Ｓ","ボルテージ"
"STK","3683","AI・半導体","1","東Ｓ","サイバーリンクス"
"STK","3691","AI・半導体","1","東Ｇ","デジタルプラス"
"STK","3747","AI・半導体","1","東Ｓ","インタートレード"
"STK","3766","AI・半導体","1","東Ｓ","システムズ・デザイン"
"STK","3773","AI・半導体","1","東Ｇ","アドバンスト・メディア"
"STK","3799","AI・半導体","1","東Ｓ","キーウェアソリューションズ"
"STK","3807","AI・半導体","1","東Ｇ","フィスコ"
"STK","3839","AI・半導体","1","東Ｓ","ＯＤＫソリューションズ"
"STK","3844","AI・半導体","1","東Ｐ","コムチュア"
"STK","3913","AI・半導体","1","東Ｓ","ＧｒｅｅｎＢｅｅ"
"STK","3925","AI・半導体","1","東Ｐ","ダブルスタンダード"
"STK","3937","AI・半導体","1","東Ｓ","ＵＢＩＣＯＭホールディングス"
"STK","3967","AI・半導体","1","東Ｇ","エルテス"
"STK","3984","AI・半導体","1","東Ｐ","ユーザーローカル"
"STK","3987","AI・半導体","1","東Ｇ","エコモット"
"STK","3996","AI・半導体","1","東Ｓ","サインポスト"
"STK","4307","AI・半導体","1","東Ｐ","野村総合研究所"
"STK","4388","AI・半導体","1","東Ｓ","エーアイ"
"STK","4725","AI・半導体","1","東Ｐ","ＣＡＣＨＯＬＤＩＮＧＳ"
"STK","4736","AI・半導体","1","東Ｓ","日本ラッド"
"STK","4812","AI・半導体","1","東Ｐ","電通総研"
"STK","4813","AI・半導体","1","東Ｐ","ＡＣＣＥＳＳ"
"STK","4901","AI・半導体","1","東Ｐ","富士フイルムＨＬＤＧＳ"
"STK","6038","AI・半導体","1","東Ｇ","イード"
"STK","6081","AI・半導体","1","東Ｇ","アライドアーキテクツ"
"STK","6095","AI・半導体","","",""
"STK","6185","AI・半導体","1","東Ｓ","ＳＭＮ"
"STK","6503","AI・半導体","1","東Ｐ","三菱電機"
"STK","6554","AI・半導体","1","東Ｇ","エスユーエス"
"STK","6560","AI・半導体","1","東Ｐ","エル・ティー・エス"
"STK","6562","AI・半導体","1","東Ｇ","ジーニー"
"STK","6656","AI・半導体","1","東Ｓ","インスペック"
"STK","6723","AI・半導体","1","東Ｐ","ルネサスエレクトロニクス"
"STK","7203","AI・半導体","1","東Ｐ","トヨタ自動車"
"STK","3850","AI・半導体","1","東Ｓ","イントラマート"
"STK","3853","AI・半導体","1","東Ｐ","アステリア"
"STK","3993","AI・半導体","1","東Ｐ","ＰＫＳＨＡＴＥＣＨＮＯＬＯＧＹ"
"STK","4326","AI・半導体","1","東Ｐ","インテージホールディングス"
"STK","6194","AI・半導体","1","東Ｐ","アトラエ"
"STK","6758","AI・半導体","1","東Ｐ","ソニーグループ"
"USS","DIS","AI・半導体","A1","米国","ウォルト・ディズニー"
"USS","BA","AI・半導体","A1","米国","ボーイング"
"USS","ABBV","AI・半導体","A1","米国","アッヴィ"
"USS","KO","AI・半導体","A1","米国","コカ・コーラ"
"USS","INTC","AI・半導体","A9","米国","インテル"
"USS","MSFT","AI・半導体","A9","米国","マイクロソフト"
"USS","VZ","AI・半導体","A1","米国","ベライゾン・コミュニケーションズ"
"USS","T","AI・半導体","A1","米国","AT&T"
"USS","TDC","AI・半導体","A1","米国","テラデータ"
"USS","NFLX","AI・半導体","A9","米国","ネットフリックス"
"USS","SBUX","AI・半導体","A9","米国","スターバックス"
"USS","NTAP","AI・半導体","A9","米国","ネットアップ"
"USS","STX","AI・半導体","A9","米国","シーゲイト・テクノロジー"
"USS","AMD","AI・半導体","A9","米国","アドバンスト・マイクロ・デバイス(AMD)"
"USS","TPR","AI・半導体","A1","米国","タペストリー"
"USS","DBX","AI・半導体","A9","米国","ドロップボックス"
"USS","PG","AI・半導体","A1","米国","プロクター・アンド・ギャンブル"
"USS","BIIB","AI・半導体","A9","米国","バイオジェン"
"USS","MMM","AI・半導体","A1","米国","スリーエム"
"USS","LLY","AI・半導体","A1","米国","イーライリリー"
"STK","2693","先端テック","1","東Ｓ","ＹＫＴ"
"STK","3655","先端テック","","",""
"STK","3687","先端テック","1","東Ｐ","フィックスターズ"
"STK","3858","先端テック","1","東Ｓ","ユビキタスＡＩ"
"STK","4736","先端テック","1","東Ｓ","日本ラッド"
"STK","6503","先端テック","1","東Ｐ","三菱電機"
"STK","6701","先端テック","1","東Ｐ","日本電気"
"STK","6702","先端テック","1","東Ｐ","富士通"
"STK","6864","先端テック","1","東Ｓ","エヌエフホールディングス"
"STK","6902","先端テック","1","東Ｐ","デンソー"
"STK","6501","先端テック","1","東Ｐ","日立"
"STK","8015","先端テック","1","東Ｐ","豊田通商"
"STK","9432","先端テック","1","東Ｐ","ＮＴＴ"
"USS","NUGT","先端テック","A1","米国","Direxion デイリー 金鉱株 ブル2倍 ETF"
"USS","BB","先端テック","A1","米国","ブラックベリー"
"USS","MO","先端テック","A1","米国","アルトリア・グループ"
"USS","QCOM","先端テック","A9","米国","クアルコム"
"USS","CRWD","先端テック","A9","米国","クラウドストライク"
"STK","5334","新エネルギー","1","東Ｐ","日本特殊陶業"
"STK","7203","新エネルギー","1","東Ｐ","トヨタ自動車"
"STK","6674","新エネルギー","1","東Ｐ","ジーエス・ユアサコーポ"
"STK","5706","新エネルギー","1","東Ｐ","三井金属"
"STK","4021","新エネルギー","1","東Ｐ","日産化学"
"STK","6981","新エネルギー","1","東Ｐ","村田製作所"
"STK","4275","新エネルギー","1","東Ｐ","カーリット"
"STK","4114","新エネルギー","1","東Ｐ","日本触媒"
"STK","6762","新エネルギー","1","東Ｐ","ＴＤＫ"
"STK","4188","新エネルギー","1","東Ｐ","三菱ケミカルグループ"
"STK","5367","新エネルギー","1","東Ｓ","ニッカトー"
"STK","5713","新エネルギー","1","東Ｐ","住友鉱山"
"STK","6810","新エネルギー","1","東Ｐ","マクセル"
"STK","5218","新エネルギー","1","東Ｓ","オハラ"
"STK","7272","新エネルギー","1","東Ｐ","ヤマハ発動機"
"STK","3405","新エネルギー","1","東Ｐ","クラレ"
"STK","6758","新エネルギー","1","東Ｐ","ソニーグループ"
"STK","4204","新エネルギー","1","東Ｐ","積水化学"
"STK","4182","新エネルギー","1","東Ｐ","三菱瓦斯化学"
"STK","5214","新エネルギー","1","東Ｐ","日本電気硝子"
"STK","6752","新エネルギー","1","東Ｐ","パナソニックホールディンク"
"STK","6976","新エネルギー","1","東Ｐ","太陽誘電"
"STK","7912","新エネルギー","1","東Ｐ","大日本印刷"
"STK","4901","新エネルギー","1","東Ｐ","富士フイルムＨＬＤＧＳ"
"STK","5019","新エネルギー","1","東Ｐ","出光興産"
"STK","3407","新エネルギー","1","東Ｐ","旭化成"
"STK","5727","新エネルギー","","",""
"STK","6955","新エネルギー","1","東Ｓ","ＦＤＫ"
"STK","7004","新エネルギー","1","東Ｐ","カナデビア"
"STK","5726","新エネルギー","1","東Ｐ","大阪チタニウム"
"STK","4471","新エネルギー","1","東Ｐ","三洋化成"
"STK","3402","新エネルギー","1","東Ｐ","東レ"
"STK","7911","新エネルギー","1","東Ｐ","ＴＯＰＰＡＮホールディングス"
"STK","6971","新エネルギー","1","東Ｐ","京セラ"
"STK","5715","新エネルギー","1","東Ｐ","古河機金"
"STK","7201","新エネルギー","1","東Ｐ","日産自動車"
"STK","6501","新エネルギー","1","東Ｐ","日立"
"STK","4183","新エネルギー","1","東Ｐ","三井化学"
"STK","7267","新エネルギー","1","東Ｐ","本田技研"
"STK","6339","新エネルギー","1","東Ｐ","新東工業"
"STK","5333","新エネルギー","1","東Ｐ","ＮＧＫ"
"USS","INFY","新エネルギー","A1","米国","インフォシス・テクノロジーズ"
"USS","PM","新エネルギー","A1","米国","フィリップ　モリス　インターナショナル"
"USS","DFS","新エネルギー","A1","米国","ディスカバー・ファイナンシャル・サービシズ"
"USS","SYF","新エネルギー","A1","米国","シンクロニー・ファイナンシャル"
"USS","ADBE","新エネルギー","A9","米国","アドビ"
"USS","BIDU","新エネルギー","A9","米国","バイドゥ"
"USS","STX","新エネルギー","A9","米国","シーゲイト・テクノロジー"
"USS","PFE","新エネルギー","A1","米国","ファイザー"
"USS","SNOW","新エネルギー","A1","米国","スノーフレーク"
"USS","ABNB","新エネルギー","A9","米国","エアビーアンドビー"
"STK","1963","環境・インフラ","1","東Ｐ","日揮ホールディングス"
"STK","3101","環境・インフラ","1","東Ｐ","東洋紡"
"STK","3402","環境・インフラ","1","東Ｐ","東レ"
"STK","4188","環境・インフラ","1","東Ｐ","三菱ケミカルグループ"
"STK","5406","環境・インフラ","1","東Ｐ","神戸製鋼所"
"STK","5802","環境・インフラ","1","東Ｐ","住友電工"
"STK","6239","環境・インフラ","1","東Ｓ","ナガオカ"
"STK","6361","環境・インフラ","1","東Ｐ","荏原製作所"
"STK","6363","環境・インフラ","1","東Ｐ","酉島製作所"
"STK","6368","環境・インフラ","1","東Ｐ","オルガノ"
"STK","6501","環境・インフラ","1","東Ｐ","日立"
"STK","7003","環境・インフラ","1","東Ｐ","三井Ｅ＆Ｓ"
"STK","7004","環境・インフラ","1","東Ｐ","カナデビア"
"STK","7011","環境・インフラ","1","東Ｐ","三菱重工業"
"STK","7013","環境・インフラ","1","東Ｐ","ＩＨＩ"
"STK","8001","環境・インフラ","1","東Ｐ","伊藤忠"
"STK","8002","環境・インフラ","1","東Ｐ","丸紅"
"STK","8031","環境・インフラ","1","東Ｐ","三井物産"
"STK","8053","環境・インフラ","1","東Ｐ","住友商事"
"STK","8058","環境・インフラ","1","東Ｐ","三菱商事"
"STK","6365","環境・インフラ","1","東Ｓ","電業社"
"STK","6988","環境・インフラ","1","東Ｐ","日東電工"
"USS","F","環境・インフラ","A1","米国","フォード・モーター"
"USS","KMI","環境・インフラ","A1","米国","キンダーモルガン"
"USS","XOM","環境・インフラ","A1","米国","エクソンモービル・ホールディングス"
"STK","2124","スイング監視","1","東Ｐ","ジェイエイシーリクルートメント"
"STK","5577","スイング監視","","",""
"STK","9560","スイング監視","1","東Ｇ","プログリット"
"STK","3741","スイング監視","1","東Ｐ","セック"
"STK","9348","スイング監視","1","東Ｇ","ｉｓｐａｃｅ"
"STK","5572","スイング監視","1","東Ｇ","ＲＩＤＧＥ－Ｉ"
"STK","8424","スイング監視","1","東Ｐ","芙蓉総合リース"
"STK","8439","スイング監視","1","東Ｐ","東京センチュリー"
"STK","8291","スイング監視","1","東Ｓ","日産東京販売ＨＤ"
"STK","4183","スイング監視","1","東Ｐ","三井化学"
"STK","6920","スイング監視","1","東Ｐ","レーザーテック"
"STK","4369","スイング監視","1","東Ｐ","トリケミカル"
"STK","4996","スイング監視","1","東Ｐ","クミアイ化学"
"STK","1333","スイング監視","1","東Ｐ","Ｕｍｉｏｓ"
"STK","8091","スイング監視","1","東Ｐ","ニチモウ"
"STK","4371","スイング監視","1","東Ｇ","コアコンセプト・テクノロジー"
"STK","4811","スイング監視","1","東Ｇ","ドリーム・アーツ"
"STK","9564","スイング監視","1","東Ｓ","ＦＣＥ"
"STK","4063","スイング監視","1","東Ｐ","信越化学"
"STK","4901","スイング監視","1","東Ｐ","富士フイルムＨＬＤＧＳ"
"STK","4046","スイング監視","1","東Ｐ","大阪ソーダ"
"STK","1934","スイング監視","1","東Ｐ","ユアテック"
"STK","1946","スイング監視","1","東Ｐ","トーエネック"
"STK","1939","スイング監視","1","東Ｐ","四電工"
"STK","4979","スイング監視","1","東Ｓ","ＯＡＴアグリオ"
"STK","3393","スイング監視","1","東Ｐ","スターティアホールディングス"
"STK","6754","スイング監視","1","東Ｐ","アンリツ"
"USS","AMKR","スイング監視","A9","米国","アムコー・テクノロジー"
"STK","7532","スイング監視","1","東Ｐ","パンパシフィックＨＤ"
"STK","4980","スイング監視","1","東Ｐ","デクセリアルズ"
"STK","4040","スイング監視","1","東Ｓ","南海化学"
"STK","6228","スイング監視","1","東Ｓ","ジェイ・イー・テ"
"STK","6254","スイング監視","1","東Ｐ","野村マイクロ・サイエンス"
"STK","5253","スイング監視","1","東Ｇ","カバー"
