code,ticker,asset_type,name,group_name,market,sub_id,strategy,source,added_date,base_price,current_price,change_pct,week_change_pct,day_change_pct,gap_pct,max_high_price,min_low_price,days_elapsed,ma25,ma25_dev,rsi14,volume_ratio,price_date,status,signals,last_updated,fetch_status,archived
6501,6501.T,STK,日立,日米コア,東Ｐ,1,,楽天インポート,2026-10-02,5510,5623,2.05,1.83,0.46,0.5,5835,5455,7,5414.1393,3.86,61.48,0.35,2026-10-09,監視中,,2026-10-09T11:58:52+09:00,ok,
7751,7751.T,STK,キヤノン,日米コア,東Ｐ,1,,楽天インポート,2026-10-02,4676,4695,0.41,1.91,1.29,-0.71,4703,4578,7,4546.88,3.26,61.06,0.45,2026-10-09,監視中,,2026-10-09T11:58:52+09:00,ok,
6849,6849.T,STK,日本光電工業,日米コア,東Ｐ,1,,楽天インポート,2026-10-02,1609.5,1636.5,1.68,4.74,1.99,1.15,1640,1558,7,1557.6382,5.06,62.93,0.23,2026-10-09,監視中,,2026-10-09T11:58:52+09:00,ok,
4568,4568.T,STK,第一三共,日米コア,東Ｐ,1,,楽天インポート,2026-10-02,2740.5,2633,-3.92,-2.81,-0.77,-0.23,2759.5,2620,7,2757.897,-4.53,38.94,0.57,2026-10-09,監視中,,2026-10-09T11:58:52+09:00,ok,
2208,2208.T,STK,ブルボン,日米コア,東Ｓ,1,,楽天インポート,2026-10-02,3020,3010,-0.33,-0.17,0,0,3050,2995,7,3066.7285,-1.85,38.36,0.21,2026-10-09,監視中,,2026-10-09T11:58:52+09:00,ok,
4922,4922.T,STK,コーセーホールディングス,日米コア,東Ｐ,1,,楽天インポート,2026-10-02,5479,5558,1.44,3.21,2.23,0.88,5563,5279,7,5592.4,-0.62,48.6,0.35,2026-10-09,監視中,,2026-10-09T11:58:52+09:00,ok,
4507,4507.T,STK,塩野義製薬,日米コア,東Ｐ,1,,楽天インポート,2026-10-02,2852,2777.5,-2.61,-0.31,0.31,-0.42,2852,2649,7,2842.4719,-2.29,44.99,0.33,2026-10-09,監視中,,2026-10-09T11:58:52+09:00,ok,
6752,6752.T,STK,パナソニックホールディンク,日米コア,東Ｐ,1,,楽天インポート,2026-10-02,4550,4372,-3.91,-4.29,-2.69,-2.45,4816,4357,7,4374.7792,-0.06,47.81,0.47,2026-10-09,監視中,ギャップダウン,2026-10-09T11:58:52+09:00,ok,
4553,4553.T,STK,東和薬品,日米コア,東Ｐ,1,,楽天インポート,2026-10-02,3570,3610,1.12,3.29,1.83,0.42,3635,3470,7,3574.0884,1,49.23,0.66,2026-10-09,監視中,,2026-10-09T11:58:52+09:00,ok,
4519,4519.T,STK,中外製薬,日米コア,東Ｐ,1,,楽天インポート,2026-10-02,6175,6026,-2.41,-0.1,-1.33,-1.64,6192,5974,7,6412.24,-6.02,33.02,0.55,2026-10-09,監視中,,2026-10-09T11:58:52+09:00,ok,
3569,3569.T,STK,セーレン,日米コア,東Ｐ,1,,楽天インポート,2026-10-02,3300,3500,6.06,7.53,1.74,0.87,3505,3255,7,3305.6294,5.88,63.72,0.46,2026-10-09,監視中,,2026-10-09T11:58:52+09:00,ok,
2802,2802.T,STK,味の素,日米コア,東Ｐ,1,,楽天インポート,2026-10-02,5260,5351,1.73,2.67,1.1,0.13,5408,5157,7,5095.6294,5.01,60.02,0.48,2026-10-09,監視中,,2026-10-09T11:58:52+09:00,ok,
4502,4502.T,STK,武田薬品,日米コア,東Ｐ,1,,楽天インポート,2026-10-02,5731,5843,1.95,3.54,0.46,0.07,5870,5606,7,5726.5523,2.03,58.26,0.47,2026-10-09,監視中,,2026-10-09T11:58:52+09:00,ok,
3405,3405.T,STK,クラレ,日米コア,東Ｐ,1,,楽天インポート,2026-10-02,1795,1828.5,1.87,3.25,1.22,0.47,1835.5,1760,7,1803.28,1.4,53.83,0.46,2026-10-09,監視中,,2026-10-09T11:58:52+09:00,ok,
4570,4570.T,STK,免疫生物研究所,日米コア,東Ｇ,1,,楽天インポート,2026-10-02,1173,1067,-9.04,-6.81,0.47,-1.6,1194,1045,7,1138.84,-6.31,42.63,0.31,2026-10-09,損切り警戒,損切り警戒,2026-10-09T11:58:52+09:00,ok,
AAPL,AAPL,USS,アップル,日米コア,米国,A9,,楽天インポート,2026-10-02,332.76,340.42,2.3,3.06,1.11,0.04,341.57,330.61,7,332.3888,2.42,61.05,1.05,2026-10-08,監視中,,2026-10-09T11:58:52+09:00,ok,
BABA,BABA,USS,アリババ・グループ・ホールディング,日米コア,米国,A1,,楽天インポート,2026-10-02,106.37,105.7,-0.63,-1.63,-1.21,1.17,111.4,104.75,7,109.8368,-3.77,39.26,1.46,2026-10-08,監視中,,2026-10-09T11:58:52+09:00,ok,
AMZN,AMZN,USS,アマゾン・ドット・コム,日米コア,米国,A9,,楽天インポート,2026-10-02,251.56,254.06,0.99,2.35,-2.25,-0.07,260.14,250.02,7,252.5364,0.6,50.56,1.09,2026-10-08,監視中,,2026-10-09T11:58:52+09:00,ok,
GOOG,GOOG,USS,アルファベット クラスC,日米コア,米国,A9,,楽天インポート,2026-10-02,341,344.86,1.13,2.96,-0.72,0.65,353.53,337.96,7,340.1944,1.37,53.24,0.92,2026-10-08,監視中,,2026-10-09T11:58:52+09:00,ok,
GOOGL,GOOGL,USS,アルファベット クラスA,日米コア,米国,A9,,楽天インポート,2026-10-02,343.93,348.29,1.27,2.97,-0.63,0.75,356.83,341.16,7,343.5044,1.39,53.36,0.96,2026-10-08,監視中,,2026-10-09T11:58:52+09:00,ok,
PYPL,PYPL,USS,ペイパル,日米コア,米国,A9,,楽天インポート,2026-10-02,52.88,55.02,4.05,3.69,0.13,-0.86,55.355,52.43,7,53.6452,2.56,54.22,1.5,2026-10-08,監視中,,2026-10-09T11:58:52+09:00,ok,
BA,BA,USS,ボーイング,日米コア,米国,A1,,楽天インポート,2026-10-02,192.325,187.75,-2.38,-2.36,-0.3,-1.29,196.93,184.25,7,198.7408,-5.53,35.79,1.21,2026-10-08,監視中,,2026-10-09T11:58:52+09:00,ok,
DIS,DIS,USS,ウォルト・ディズニー,日米コア,米国,A1,,楽天インポート,2026-10-02,102.08,107.02,4.84,5.62,2.17,0.06,107.41,101.23,7,105.046,1.88,56.66,1.89,2026-10-08,監視中,ブレイク,2026-10-09T11:58:52+09:00,ok,
HWM,HWM,USS,ハウメット・エアロスペース,日米コア,米国,A1,,楽天インポート,2026-10-02,232.005,222.56,-4.07,-2.55,-0.09,-0.91,232.86,219.63,7,230.8532,-3.59,35.94,1.1,2026-10-08,監視中,,2026-10-09T11:58:52+09:00,ok,
RACE,RACE,USS,フェラーリ,日米コア,米国,A1,,楽天インポート,2026-10-02,387.8,388.28,0.12,0.25,0.49,-0.38,390.47,381.67,7,403.454,-3.76,39.28,0.77,2026-10-08,監視中,,2026-10-09T11:58:52+09:00,ok,
CSCO,CSCO,USS,シスコシステムズ,日米コア,米国,A9,,楽天インポート,2026-10-02,111.365,114.89,3.17,6.05,-2.13,-0.62,118.4,109,7,109.5409,4.88,60.2,0.74,2026-10-08,監視中,,2026-10-09T11:58:52+09:00,ok,
NVDA,NVDA,USS,エヌビディア,日米コア,米国,A9,,楽天インポート,2026-10-02,236.685,230.48,-2.62,-0.16,-2.94,-1.07,243.37,229.85,7,225.9698,2,55.56,1.09,2026-10-08,監視中,,2026-10-09T11:58:52+09:00,ok,
U,U,USS,ユニティー・ソフトウェア,日米コア,米国,A1,,楽天インポート,2026-10-02,44.14,45.89,3.96,5.23,0.99,1.77,47.35,43.43,7,42.7988,7.22,62.44,1.6,2026-10-08,監視中,ブレイク,2026-10-09T11:58:52+09:00,ok,
ZM,ZM,USS,ズーム・コミュニケーションズ,日米コア,米国,A9,,楽天インポート,2026-10-02,93.16,94.67,1.62,0.93,-0.11,-0.22,95.17,92.085,7,93.1438,1.64,52.49,1.63,2026-10-08,監視中,ブレイク,2026-10-09T11:58:52+09:00,ok,
IBM,IBM,USS,IBM,日米コア,米国,A1,,楽天インポート,2026-10-02,222.73,226.61,1.74,0.44,2.77,-0.16,227.31,217.8,7,230.7468,-1.79,46.53,1.45,2026-10-08,監視中,,2026-10-09T11:58:52+09:00,ok,
YUM,YUM,USS,ヤム・ブランズ,日米コア,米国,A1,,楽天インポート,2026-10-02,137.2101,143,4.22,4.62,1.89,0.04,144.08,135.35,7,140.8068,1.56,53.72,1.16,2026-10-08,監視中,,2026-10-09T11:58:52+09:00,ok,
MCD,MCD,USS,マクドナルド,日米コア,米国,A1,,楽天インポート,2026-10-02,231.715,236.9,2.24,2.19,2.61,0.14,237.5,229.2,7,243.6528,-2.77,38.64,2.01,2026-10-08,監視中,出来高急増,2026-10-09T11:58:52+09:00,ok,
ARM,ARM,USS,アーム・ホールディングス,日米コア,米国,A9,,楽天インポート,2026-10-02,316.525,275.29,-13.03,-5.83,-6.48,-2.6,318.3623,270.26,7,282.0668,-2.4,46.46,1.63,2026-10-08,損切り警戒,損切り警戒|ギャップダウン,2026-10-09T11:58:52+09:00,ok,
TSM,TSM,USS,タイワン・セミコンダクター・マニュファクチャリング,日米コア,米国,A1,,楽天インポート,2026-10-02,470.8201,457.99,-2.73,-0.26,-3.01,-1.25,487.47,452.88,7,445.1431,2.89,55.17,1.5,2026-10-08,監視中,,2026-10-09T11:58:52+09:00,ok,
AVGO,AVGO,USS,ブロードコム,日米コア,米国,A9,,楽天インポート,2026-10-02,354.715,360.14,1.53,4.8,-4.35,-1.56,380.84,347.4157,7,356.2845,1.08,49.3,1.13,2026-10-08,監視中,,2026-10-09T11:58:52+09:00,ok,
BOTZ,BOTZ,USS,グローバルX ロボット＆AI・ETF,日米コア,米国,A9,,楽天インポート,2026-10-02,36.1157,34.83,-3.56,-1.69,-2.35,-1.43,36.35,34.71,7,35.3838,-1.57,42.33,1.15,2026-10-08,監視中,,2026-10-09T11:58:52+09:00,ok,
AI,AI,USS,シースリー・エーアイ,日米コア,米国,A1,,楽天インポート,2026-10-02,11.22,11.34,1.07,2.07,0.98,-0.45,11.47,10.875,7,10.7904,5.09,62.16,1.02,2026-10-08,監視中,,2026-10-09T11:58:52+09:00,ok,
PLTR,PLTR,USS,パランティア・テクノロジーズ,日米コア,米国,A9,,楽天インポート,2026-10-02,193.635,198.78,2.66,4.6,2.4,2.51,204.44,187.63,7,182.4264,8.96,69.72,2.4,2026-10-08,監視中,出来高急増|ブレイク,2026-10-09T11:58:52+09:00,ok,
SPY,SPY,USS,State Street SPDR S&P 500 ETF,日米コア,米国,A1,,楽天インポート,2026-10-02,770.99,773.93,0.38,1.3,-0.42,-0.3,781.62,767.15,7,766.2365,1,57.05,0.98,2026-10-08,監視中,,2026-10-09T11:58:52+09:00,ok,
VTI,VTI,USS,バンガード・モーニングスター・トータル・ストック・マーケットETF,日米コア,米国,A1,,楽天インポート,2026-10-02,378.81,379.56,0.2,1.17,-0.39,-0.28,383.85,376.92,7,376.7371,0.75,54.89,0.88,2026-10-08,監視中,,2026-10-09T11:58:52+09:00,ok,
SPCX,SPCX,USS,スペースX,日米コア,米国,A9,,楽天インポート,2026-10-02,157.06,160.57,2.23,8.44,-4.19,-0.08,176.42,149.34,7,152.9424,4.99,56.27,0.69,2026-10-08,監視中,,2026-10-09T11:58:52+09:00,ok,
BUG,BUG,USS,グローバルX サイバーセキュリティ ETF,長期・配当,米国,A9,,楽天インポート,2026-10-02,47.38,47.94,1.18,3.14,0.17,0.08,49.62,46.79,7,44.9208,6.72,62.14,0.88,2026-10-08,監視中,,2026-10-09T11:58:52+09:00,ok,
HACK,HACK,USS,アンプリファイ・サイバー・セキュリティー・ETF,長期・配当,米国,A1,,楽天インポート,2026-10-02,123.8941,125.35,1.18,2.94,-0.37,-0.14,128.84,122.83,7,119.212,5.15,60.26,1,2026-10-08,監視中,,2026-10-09T11:58:52+09:00,ok,
4503,4503.T,STK,アステラス製薬,長期・配当,東Ｐ,1,,楽天インポート,2026-10-02,2310.5,2256.5,-2.34,0.51,0.38,1.73,2310.5,2216,7,2280.294,-1.04,46.81,0.51,2026-10-09,監視中,,2026-10-09T11:58:52+09:00,ok,
6301,6301.T,STK,小松製作所,長期・配当,東Ｐ,1,,楽天インポート,2026-10-02,7594,7307,-3.78,-2.57,-1.22,0.45,7980,7253,7,7345.4144,-0.52,48.41,0.38,2026-10-09,監視中,,2026-10-09T11:58:52+09:00,ok,
9432,9432.T,STK,ＮＴＴ,長期・配当,東Ｐ,1,,楽天インポート,2026-10-02,170.3,173.3,1.76,2,0.7,0.87,174.2,167.2,7,171.9522,0.78,59.31,0.5,2026-10-09,監視中,,2026-10-09T11:58:52+09:00,ok,
9433,9433.T,STK,ＫＤＤＩ,長期・配当,東Ｐ,1,,楽天インポート,2026-10-02,2931,2906,-0.85,0.33,0.03,0.28,2931,2868,7,2951.6479,-1.55,46.27,0.68,2026-10-09,監視中,,2026-10-09T11:58:52+09:00,ok,
4996,4996.T,STK,クミアイ化学,長期・配当,東Ｐ,1,,楽天インポート,2026-10-02,673,658,-2.23,-0.3,0.92,-0.46,673,645,7,696.32,-5.5,33.19,0.26,2026-10-09,監視中,,2026-10-09T11:58:52+09:00,ok,
4188,4188.T,STK,三菱ケミカルグループ,長期・配当,東Ｐ,1,,楽天インポート,2026-10-02,1155,1143,-1.04,0,-1.17,-1.34,1199,1133,7,1170.9514,-2.39,45.36,0.34,2026-10-09,監視中,,2026-10-09T11:58:52+09:00,ok,
2181,2181.T,STK,パーソルホールディングス,長期・配当,東Ｐ,1,,楽天インポート,2026-10-02,282.1,285.2,1.1,2.08,1.78,1.46,285.8,274.6,7,284.1946,0.35,53.38,0.22,2026-10-09,監視中,,2026-10-09T11:58:52+09:00,ok,
JNJ,JNJ,USS,ジョンソン・エンド・ジョンソン,長期・配当,米国,A1,,楽天インポート,2026-10-02,256.97,256.48,-0.19,-0.84,-0.76,-0.86,260.68,251.17,7,266.1648,-3.64,37.74,0.77,2026-10-08,監視中,,2026-10-09T11:58:52+09:00,ok,
PG,PG,USS,プロクター・アンド・ギャンブル,長期・配当,米国,A1,,楽天インポート,2026-10-02,144.22,150.59,4.42,4.61,1.87,-0.05,150.76,143.81,7,146.4572,2.82,61.06,1.41,2026-10-08,監視中,,2026-10-09T11:58:52+09:00,ok,
ABBV,ABBV,USS,アッヴィ,長期・配当,米国,A1,,楽天インポート,2026-10-02,259.27,272.42,5.07,4.81,0.39,-0.14,274.94,257.87,7,262.326,3.85,66.62,0.99,2026-10-08,監視中,,2026-10-09T11:58:52+09:00,ok,
VZ,VZ,USS,ベライゾン・コミュニケーションズ,長期・配当,米国,A1,,楽天インポート,2026-10-02,46.0775,46.35,0.59,0.8,1.27,0.63,46.58,45.29,7,47.9924,-3.42,41.73,1.09,2026-10-08,監視中,,2026-10-09T11:58:52+09:00,ok,
IBM,IBM,USS,IBM,長期・配当,米国,A1,,楽天インポート,2026-10-02,222.73,226.61,1.74,0.44,2.77,-0.16,227.31,217.8,7,230.7468,-1.79,46.53,1.45,2026-10-08,監視中,,2026-10-09T11:58:52+09:00,ok,
1333,1333.T,STK,Ｕｍｉｏｓ,長期・配当,東Ｐ,1,,楽天インポート,2026-10-02,1232,1196,-2.92,-1.12,0.29,0.29,1232,1182.5,7,1244.6884,-3.91,28.54,0.26,2026-10-09,監視中,,2026-10-09T11:58:52+09:00,ok,
1928,1928.T,STK,積水ハウス,長期・配当,東Ｐ,1,,楽天インポート,2026-10-02,3370,3370,0,1.81,1.08,0.87,3373,3289,7,3352.08,0.53,50.87,0.45,2026-10-09,監視中,,2026-10-09T11:58:52+09:00,ok,
2317,2317.T,STK,システナ,長期・配当,東Ｐ,1,,楽天インポート,2026-10-02,423,437,3.31,3.07,2.82,0.71,437,417,7,427.5586,2.21,59.3,0.52,2026-10-09,監視中,,2026-10-09T11:58:52+09:00,ok,
1434,1434.T,STK,ＪＥＳＣＯホールディングス,長期・配当,東Ｓ,1,,楽天インポート,2026-10-02,1646,1600,-2.79,-0.81,0.76,0,1662,1576,7,1612.2,-0.76,46.03,0.81,2026-10-09,監視中,,2026-10-09T11:58:52+09:00,ok,
2124,2124.T,STK,ジェイエイシーリクルートメント,長期・配当,東Ｐ,1,,楽天インポート,2026-10-02,1054,1080,2.47,2.56,1.79,0.38,1083,1029,7,1017.84,6.11,69.32,0.27,2026-10-09,監視中,,2026-10-09T11:58:52+09:00,ok,
3436,3436.T,STK,ＳＵＭＣＯ,長期・配当,東Ｐ,1,,楽天インポート,2026-10-02,3472,3408,-1.84,-5.02,-1.87,-3.48,3784,3277,7,3211.22,6.13,55.13,0.73,2026-10-09,監視中,ギャップダウン,2026-10-09T11:58:52+09:00,ok,
5105,5105.T,STK,ＴＯＹＯＴＩＲＥ,長期・配当,東Ｐ,1,,楽天インポート,2026-10-02,3922,4050,3.26,3.71,1.38,0.63,4057,3873,7,3800.4,6.57,64.06,0.21,2026-10-09,監視中,,2026-10-09T11:58:52+09:00,ok,
2768,2768.T,STK,双日,長期・配当,東Ｐ,1,,楽天インポート,2026-10-02,5607,5319,-5.14,-3.9,-0.43,0.07,5627,5281,7,5620.1168,-5.36,36.68,0.38,2026-10-09,監視中,,2026-10-09T11:58:52+09:00,ok,
3763,3763.T,STK,プロシップ,長期・配当,東Ｐ,1,,楽天インポート,2026-10-02,2085,2073,-0.58,-0.34,3.6,-0.55,2148,1982,7,2062.72,0.5,49.65,0.45,2026-10-09,監視中,,2026-10-09T11:58:52+09:00,ok,
5711,5711.T,STK,三菱マテリアル,長期・配当,東Ｐ,1,,楽天インポート,2026-10-02,5051,4781,-5.35,-4.02,-0.29,-0.4,5203,4720,7,5064.4873,-5.6,41.12,0.42,2026-10-09,監視中,,2026-10-09T11:58:52+09:00,ok,
7433,7433.T,STK,伯東,長期・配当,東Ｐ,1,,楽天インポート,2026-10-02,1904,1904,0,3.7,1.87,-0.96,1910,1826,7,1755.0606,8.49,69.05,0.53,2026-10-09,監視中,,2026-10-09T11:58:52+09:00,ok,
5201,5201.T,STK,ＡＧＣ,長期・配当,東Ｐ,1,,楽天インポート,2026-10-02,5787,5735,-0.9,-0.24,-1.21,-1.21,5984,5696,7,5677.04,1.02,48.67,0.38,2026-10-09,監視中,,2026-10-09T11:58:52+09:00,ok,
6326,6326.T,STK,クボタ,長期・配当,東Ｐ,1,,楽天インポート,2026-10-02,2721,2628.5,-3.4,-2.03,0.15,0.53,2806.5,2561,7,2785.9,-5.65,39.87,0.3,2026-10-09,監視中,,2026-10-09T11:58:52+09:00,ok,
8252,8252.T,STK,丸井グループ,長期・配当,東Ｐ,1,,楽天インポート,2026-10-02,2772.5,2780,0.27,2.02,1.26,1.29,2792,2710.5,7,2797.2331,-0.62,45.96,0.58,2026-10-09,監視中,,2026-10-09T11:58:52+09:00,ok,
8381,8381.T,STK,山陰合同銀行,長期・配当,東Ｐ,1,,楽天インポート,2026-10-02,2585,2494,-3.52,-1.5,-0.16,0.8,2655,2471,7,2567.1496,-2.85,43.42,0.47,2026-10-09,監視中,,2026-10-09T11:58:52+09:00,ok,
7751,7751.T,STK,キヤノン,長期・配当,東Ｐ,1,,楽天インポート,2026-10-02,4676,4695,0.41,1.91,1.29,-0.71,4703,4578,7,4546.88,3.26,61.06,0.45,2026-10-09,監視中,,2026-10-09T11:58:52+09:00,ok,
8306,8306.T,STK,三菱ＵＦＪフィナンシャルＧ,長期・配当,東Ｐ,1,,楽天インポート,2026-10-02,3586,3473,-3.15,-2,-0.88,0.88,3703,3453,7,3615.4007,-3.94,42.7,0.54,2026-10-09,監視中,,2026-10-09T11:58:52+09:00,ok,
8860,8860.T,STK,フジ住宅,長期・配当,東Ｐ,1,,楽天インポート,2026-10-02,721,701,-2.77,-0.99,0.86,0,721,689,7,721.2019,-2.8,36.04,0.49,2026-10-09,監視中,,2026-10-09T11:58:52+09:00,ok,
8591,8591.T,STK,オリックス,長期・配当,東Ｐ,1,,楽天インポート,2026-10-02,5911,5787,-2.1,0.73,0.63,0.37,5954,5733,7,5974.1001,-3.13,40.97,0.34,2026-10-09,監視中,,2026-10-09T11:58:52+09:00,ok,
9232,9232.T,STK,,長期・配当,,,,楽天インポート,2026-10-02,,,,,,,,,7,,,,,,監視中,,2026-10-09T11:58:52+09:00,no_data,
3947,3947.T,STK,ダイナパック,長期・配当,東Ｓ,1,,楽天インポート,2026-10-02,2538,2450,-3.47,-2,-0.57,-0.57,2538,2440,7,2481.84,-1.28,44.93,0.62,2026-10-09,監視中,,2026-10-09T11:58:52+09:00,ok,
2754,2754.T,STK,,長期・配当,,,,楽天インポート,2026-10-02,,,,,,,,,7,,,,,,監視中,,2026-10-09T11:58:52+09:00,no_data,
7292,7292.T,STK,村上開明堂,長期・配当,東Ｓ,1,,楽天インポート,2026-10-02,6830,6720,-1.61,-1.18,-0.15,0.74,6830,6550,7,6725.5534,-0.08,50.84,0.45,2026-10-09,監視中,,2026-10-09T11:58:52+09:00,ok,
6091,6091.T,STK,ウエスコホールディングス,長期・配当,東Ｓ,1,,楽天インポート,2026-10-02,950,937,-1.37,-0.95,1.19,0,960,923,7,932.6,0.47,51.14,1.05,2026-10-09,監視中,,2026-10-09T11:58:52+09:00,ok,
7297,7297.T,STK,カーメイト,長期・配当,東Ｓ,1,,楽天インポート,2026-10-02,869,851,-2.07,-0.93,0,0,869,851,7,854.7521,-0.44,45.77,0.03,2026-10-09,監視中,,2026-10-09T11:58:52+09:00,ok,
4464,4464.T,STK,ソフト９９コーポレーション,長期・配当,東Ｓ,1,,楽天インポート,2026-10-02,4050,4050,0,0,0,0,4060,4050,7,3819.2939,6.04,82.22,0.51,2026-10-08,監視中,,2026-10-09T11:58:52+09:00,ok,
9782,9782.T,STK,ディーエムエス,長期・配当,東Ｓ,1,,楽天インポート,2026-10-02,3240,3270,0.93,2.03,1.08,0,3280,3180,7,3317.8314,-1.44,45.74,0.5,2026-10-09,監視中,,2026-10-09T11:58:52+09:00,ok,
4247,4247.T,STK,ポバール興業,長期・配当,東Ｓ,1,,楽天インポート,2026-10-02,1418,1387,-2.19,-2.19,-1.91,-0.28,1426,1387,7,1385.4068,0.11,49.85,3.12,2026-10-08,監視中,出来高急増|ブレイク,2026-10-09T11:58:52+09:00,ok,
7464,7464.T,STK,セフテック,長期・配当,東Ｓ,1,,楽天インポート,2026-10-02,1500,1500,0,0,0,0,1511,1499,7,1517.36,-1.14,40.13,0.38,2026-10-08,監視中,,2026-10-09T11:58:52+09:00,ok,
7820,7820.T,STK,ニホンフラッシュ,長期・配当,東Ｐ,1,,楽天インポート,2026-10-02,694,663,-4.47,-2.79,2,0.15,694,649,7,685.3418,-3.26,34.02,0.32,2026-10-09,監視中,,2026-10-09T11:58:52+09:00,ok,
1930,1930.T,STK,北陸電気工事,長期・配当,東Ｐ,1,,楽天インポート,2026-10-02,1567,1509,-3.7,-1.89,0.6,-0.47,1568,1487,7,1553.9552,-2.89,40.82,0.36,2026-10-09,監視中,,2026-10-09T11:58:52+09:00,ok,
6307,6307.T,STK,サンセイ,長期・配当,東Ｓ,1,,楽天インポート,2026-10-02,461,436,-5.42,-5.63,-2.02,-1.57,464,430,7,470.4,-7.31,29.15,2.67,2026-10-09,うねり底値シグナル,うねり底値シグナル|出来高急増,2026-10-09T11:58:52+09:00,ok,
6392,6392.T,STK,ヤマダコーポレーション,長期・配当,東Ｓ,1,,楽天インポート,2026-10-02,7930,7310,-7.82,-7.12,-0.41,-0.41,7950,7310,7,7749.606,-5.67,30.79,0.19,2026-10-09,監視中,,2026-10-09T11:58:52+09:00,ok,
5982,5982.T,STK,マルゼン,長期・配当,東Ｓ,1,,楽天インポート,2026-10-02,4065,4000,-1.6,-0.62,-1.11,-0.12,4095,3960,7,4096,-2.34,39.09,0.68,2026-10-09,監視中,,2026-10-09T11:58:52+09:00,ok,
4502,4502.T,STK,武田薬品,長期・配当,東Ｐ,1,,楽天インポート,2026-10-02,5731,5843,1.95,3.54,0.46,0.07,5870,5606,7,5726.5523,2.03,58.26,0.47,2026-10-09,監視中,,2026-10-09T11:58:52+09:00,ok,
8593,8593.T,STK,三菱ＨＣキャピタル,長期・配当,東Ｐ,1,,楽天インポート,2026-10-02,1325,1305.5,-1.47,-0.04,0.81,1.08,1325,1280.5,7,1345.3239,-2.96,38.88,0.39,2026-10-09,監視中,,2026-10-09T11:58:52+09:00,ok,
4008,4008.T,STK,住友精化,長期・配当,東Ｐ,1,,楽天インポート,2026-10-02,1504,1501,-0.2,1.08,1.42,-0.2,1517,1463,7,1463.3067,2.58,55.87,0.54,2026-10-09,監視中,,2026-10-09T11:58:52+09:00,ok,
5938,5938.T,STK,ＬＩＸＩＬ,長期・配当,東Ｐ,1,,楽天インポート,2026-10-02,1689,1693,0.24,0.71,1.26,0.66,1693.5,1656,7,1688.8247,0.25,48.85,0.35,2026-10-09,監視中,,2026-10-09T11:58:52+09:00,ok,
5302,5302.T,STK,日本カーボン,長期・配当,東Ｐ,1,,楽天インポート,2026-10-02,5170,5190,0.39,0.39,0.19,0,5410,5100,7,5100.6,1.75,55.05,0.42,2026-10-09,監視中,,2026-10-09T11:58:52+09:00,ok,
1951,1951.T,STK,エクシオグループ,長期・配当,東Ｐ,1,,楽天インポート,2026-10-02,2538,2532,-0.24,0.42,0.62,0,2588.5,2485,7,2550.0053,-0.71,46.56,0.27,2026-10-09,監視中,,2026-10-09T11:58:52+09:00,ok,
2914,2914.T,STK,日本たばこ産業,長期・配当,東Ｐ,1,,楽天インポート,2026-10-02,6856,7281,6.2,6.6,4.61,2,7297,6774,7,6860.16,6.13,67.83,1.36,2026-10-09,監視中,,2026-10-09T11:58:52+09:00,ok,
8058,8058.T,STK,三菱商事,長期・配当,東Ｐ,1,,楽天インポート,2026-10-02,4722,4582,-2.96,-2.39,-0.17,1.5,4765,4513,7,4804.0819,-4.62,38.98,0.49,2026-10-09,監視中,,2026-10-09T11:58:52+09:00,ok,
9434,9434.T,STK,ソフトバンク,長期・配当,東Ｐ,1,,楽天インポート,2026-10-02,240.8,242.4,0.66,2.11,0.46,0.25,242.7,235.9,7,240.1789,0.92,57.82,0.37,2026-10-09,監視中,,2026-10-09T11:58:52+09:00,ok,
9104,9104.T,STK,商船三井,長期・配当,東Ｐ,1,,楽天インポート,2026-10-02,7053,7294,3.42,2.2,2.47,1.71,7303,6972,7,7043.1384,3.56,60.69,0.75,2026-10-09,監視中,,2026-10-09T11:58:52+09:00,ok,
202A,202A.T,STK,,長期・配当,,,,楽天インポート,2026-10-02,,,,,,,,,7,,,,,,監視中,,2026-10-09T11:58:52+09:00,no_data,
8570,8570.T,STK,イオンフィナンシャルサービス,長期・配当,東Ｐ,1,,楽天インポート,2026-10-02,1518,1462.5,-3.66,-0.75,-0.24,2.05,1518,1450.5,7,1582.08,-7.56,28.21,0.56,2026-10-09,うねり底値シグナル,うねり底値シグナル,2026-10-09T11:58:52+09:00,ok,
3003,3003.T,STK,ヒューリック,長期・配当,東Ｐ,1,,楽天インポート,2026-10-02,1720,1677,-2.5,-0.42,1.7,0.67,1720,1642,7,1725.1,-2.79,39.15,0.34,2026-10-09,監視中,,2026-10-09T11:58:52+09:00,ok,
8316,8316.T,STK,三井住友フィナンシャルＧ,長期・配当,東Ｐ,1,,楽天インポート,2026-10-02,3383,3272,-3.28,-1.48,-0.76,1.09,3473,3245,7,3367.4426,-2.83,44.14,0.5,2026-10-09,監視中,,2026-10-09T11:58:52+09:00,ok,
9101,9101.T,STK,日本郵船,長期・配当,東Ｐ,1,,楽天インポート,2026-10-02,7139,7384,3.43,3.4,2.19,1.72,7392,6986,7,7176.0464,2.9,61.28,0.6,2026-10-09,監視中,,2026-10-09T11:58:52+09:00,ok,
4452,4452.T,STK,花王,長期・配当,東Ｐ,1,,楽天インポート,2026-10-02,3482,3566,2.41,3.69,1.25,-0.03,3574,3425,7,3480.96,2.44,58.76,0.51,2026-10-09,監視中,,2026-10-09T11:58:52+09:00,ok,
8766,8766.T,STK,東京海上ＨＤ,長期・配当,東Ｐ,1,,楽天インポート,2026-10-02,521,524.1,0.6,3.29,1.16,1.93,529,501,7,450.5103,16.33,70.75,0.48,2026-10-09,過熱警戒（寄り天・押し目待ち）,過熱警戒（寄り天・押し目待ち）,2026-10-09T11:58:52+09:00,ok,
8035,8035.T,STK,東京エレクトロン,長期・配当,東Ｐ,1,,楽天インポート,2026-10-02,12580,12215,-2.9,0.95,0.21,-2.46,12915,11875,7,10999.9316,11.05,61.2,0.62,2026-10-09,過熱警戒（寄り天・押し目待ち）,過熱警戒（寄り天・押し目待ち）|ギャップダウン,2026-10-09T11:58:52+09:00,ok,
7735,7735.T,STK,ＳＣＲＥＥＮホールディングス,長期・配当,東Ｐ,1,,楽天インポート,2026-10-02,15590,16330,4.75,5.59,2.64,-2.14,16635,15320,7,13866.9663,17.76,71.66,0.87,2026-10-09,過熱警戒（寄り天・押し目待ち）,過熱警戒（寄り天・押し目待ち）|ギャップダウン,2026-10-09T11:58:52+09:00,ok,
4063,4063.T,STK,信越化学,長期・配当,東Ｐ,1,,楽天インポート,2026-10-02,6027,6041,0.23,0.18,-1.31,-1.49,6341,5916,7,5883.8406,2.67,53.9,0.47,2026-10-09,監視中,,2026-10-09T11:58:52+09:00,ok,
7971,7971.T,STK,東リ,長期・配当,東Ｓ,1,,楽天インポート,2026-10-02,672,656,-2.38,-0.91,0.92,-0.46,673,647,7,680.4732,-3.6,38.16,0.12,2026-10-09,監視中,,2026-10-09T11:58:52+09:00,ok,
4246,4246.T,STK,ダイキョーニシカワ,長期・配当,東Ｐ,1,,楽天インポート,2026-10-02,1066,1065,-0.09,0.95,0.38,-0.09,1076,1047,7,1062.9635,0.19,50.16,0.2,2026-10-09,監視中,,2026-10-09T11:58:52+09:00,ok,
6954,6954.T,STK,ファナック,長期・配当,東Ｐ,1,,楽天インポート,2026-10-02,6127,6025,-1.66,-0.82,0.1,-0.63,6310,5910,7,5927.88,1.64,51.38,0.74,2026-10-09,監視中,,2026-10-09T11:58:52+09:00,ok,
6963,6963.T,STK,ローム,長期・配当,東Ｐ,1,,楽天インポート,2026-10-02,5105,4881,-4.39,-6.64,-4.22,-2.75,5486,4842,7,4877.2,0.08,48.34,0.63,2026-10-09,監視中,ギャップダウン,2026-10-09T11:58:52+09:00,ok,
7150,7150.T,STK,島根銀行,金利・内需,東Ｓ,1,,楽天インポート,2026-10-02,510,494,-3.14,-2.37,-0.6,-0.4,516,494,7,512.4735,-3.6,38.76,0.26,2026-10-09,監視中,,2026-10-09T11:58:52+09:00,ok,
7161,7161.T,STK,じもとホールディングス,金利・内需,東Ｓ,1,,楽天インポート,2026-10-02,681,648,-4.85,-4,-1.52,-0.91,714,642,7,639.12,1.39,53.02,0.28,2026-10-09,監視中,,2026-10-09T11:58:52+09:00,ok,
7167,7167.T,STK,めぶきフィナンシャルＧ,金利・内需,東Ｐ,1,,楽天インポート,2026-10-02,1694.5,1637.5,-3.36,-1.36,-1.21,0.78,1743.5,1625,7,1672.0238,-2.06,45.88,0.36,2026-10-09,監視中,,2026-10-09T11:58:52+09:00,ok,
7173,7173.T,STK,東京きらぼしＦＧ,金利・内需,東Ｐ,1,,楽天インポート,2026-10-02,1709,1590,-6.96,-5.58,-2.87,0.18,1742,1581,7,1686.5781,-5.73,37.08,0.46,2026-10-09,監視中,,2026-10-09T11:58:52+09:00,ok,
8304,8304.T,STK,あおぞら銀行,金利・内需,東Ｐ,1,,楽天インポート,2026-10-02,3491,3293,-5.67,-2.83,-0.45,0.63,3491,3275,7,3437.64,-4.21,41.53,0.35,2026-10-09,監視中,,2026-10-09T11:58:52+09:00,ok,
8306,8306.T,STK,三菱ＵＦＪフィナンシャルＧ,金利・内需,東Ｐ,1,,楽天インポート,2026-10-02,3586,3473,-3.15,-2,-0.88,0.88,3703,3453,7,3615.4007,-3.94,42.7,0.54,2026-10-09,監視中,,2026-10-09T11:58:52+09:00,ok,
8308,8308.T,STK,りそなホールディングス,金利・内需,東Ｐ,1,,楽天インポート,2026-10-02,2473.5,2410,-2.57,-2.59,-1.21,-1.17,2618.5,2392.5,7,2487.4415,-3.11,44.98,0.75,2026-10-09,監視中,,2026-10-09T11:58:52+09:00,ok,
8309,8309.T,STK,三井住友トラストグルー,金利・内需,東Ｐ,1,,楽天インポート,2026-10-02,1778.5,1701.5,-4.33,-2.38,-0.15,1.06,1796.5,1685.5,7,1753.0527,-2.94,43.23,0.53,2026-10-09,監視中,,2026-10-09T11:58:52+09:00,ok,
2353,2353.T,STK,日本駐車場開発,金利・内需,東Ｐ,1,,楽天インポート,2026-10-02,256,258,0.78,0.78,0.39,-0.39,261,252,7,262.6,-1.75,44.73,0.28,2026-10-09,監視中,,2026-10-09T11:58:52+09:00,ok,
3003,3003.T,STK,ヒューリック,金利・内需,東Ｐ,1,,楽天インポート,2026-10-02,1720,1677,-2.5,-0.42,1.7,0.67,1720,1642,7,1725.1,-2.79,39.15,0.34,2026-10-09,監視中,,2026-10-09T11:58:52+09:00,ok,
3010,3010.T,STK,ポラリス・ホールディングス,金利・内需,東Ｓ,1,,楽天インポート,2026-10-02,190,188,-1.05,0,-0.53,-0.53,191,188,7,189.32,-0.7,42.59,0.48,2026-10-09,監視中,,2026-10-09T11:58:52+09:00,ok,
3231,3231.T,STK,野村不動産ＨＬＤＧＳ,金利・内需,東Ｐ,1,,楽天インポート,2026-10-02,874.7,849.9,-2.84,-0.36,0.91,1.01,874.7,836.7,7,879.7901,-3.4,36.41,0.28,2026-10-09,監視中,,2026-10-09T11:58:52+09:00,ok,
3232,3232.T,STK,三重交通グループＨＤ,金利・内需,東Ｐ,1,,楽天インポート,2026-10-02,559,574,2.68,4.36,2.87,0.72,574,545,7,579.0328,-0.87,51.09,0.57,2026-10-09,監視中,,2026-10-09T11:58:52+09:00,ok,
3236,3236.T,STK,プロパスト,金利・内需,東Ｓ,1,,楽天インポート,2026-10-02,284,269,-5.28,-2.18,0.75,0,284,266,7,279.96,-3.91,36.53,0.58,2026-10-09,監視中,,2026-10-09T11:58:52+09:00,ok,
3113,3113.T,STK,ＵＮＩＶＡ・ＯＡＫホールディン,金利・内需,東Ｓ,1,,楽天インポート,2026-10-02,83,79,-4.82,-2.47,0,-1.27,83,78,7,82.24,-3.94,43.51,0.26,2026-10-09,監視中,,2026-10-09T11:58:52+09:00,ok,
7148,7148.T,STK,ＦＰＧ,金利・内需,東Ｐ,1,,楽天インポート,2026-10-02,1634,1630,-0.24,1.56,1.94,0.38,1634,1574,7,1640.8292,-0.66,51.09,0.48,2026-10-09,監視中,,2026-10-09T11:58:52+09:00,ok,
7162,7162.T,STK,アストマックス,金利・内需,東Ｓ,1,,楽天インポート,2026-10-02,293,295,0.68,0.68,1.03,-1.03,304,287,7,294.12,0.3,58.45,0.94,2026-10-09,監視中,,2026-10-09T11:58:52+09:00,ok,
7172,7172.T,STK,ジャパンインベストメントＡ,金利・内需,東Ｐ,1,,楽天インポート,2026-10-02,2135,2137,0.09,1.38,0.85,0.42,2144,2102,7,2117.32,0.93,54.2,0.39,2026-10-09,監視中,,2026-10-09T11:58:52+09:00,ok,
7175,7175.T,STK,今村証券,金利・内需,東Ｓ,1,,楽天インポート,2026-10-02,2060,1866,-9.42,-5.61,0.27,0.48,2060,1861,7,1979.425,-5.73,41.39,0.04,2026-10-09,損切り警戒,損切り警戒,2026-10-09T11:58:52+09:00,ok,
7177,7177.T,STK,ＧＭＯフィナンシャルＨＬＤＧＳ,金利・内需,東Ｓ,1,,楽天インポート,2026-10-02,1179,1114,-5.51,-3.13,0.63,1.17,1179,1092,7,1153.406,-3.42,43.25,0.38,2026-10-09,監視中,,2026-10-09T11:58:52+09:00,ok,
8473,8473.T,STK,ＳＢＩホールディングス,金利・内需,東Ｐ,1,,楽天インポート,2026-10-02,3157,3034,-3.9,-0.75,2.33,1.69,3157,2958,7,3188.9644,-4.86,44.4,0.45,2026-10-09,監視中,,2026-10-09T11:58:52+09:00,ok,
8518,8518.T,STK,日本アジア投資,金利・内需,東Ｓ,1,,楽天インポート,2026-10-02,147,141,-4.08,-5.37,-1.4,-2.1,150,140,7,151.64,-7.02,33.41,0.39,2026-10-09,監視中,ギャップダウン,2026-10-09T11:58:52+09:00,ok,
8410,8410.T,STK,セブン銀行,金利・内需,東Ｐ,1,,楽天インポート,2026-10-02,341.7,340.4,-0.38,1.07,0.03,1.18,345.6,332.2,7,337.5764,0.84,56.2,0.3,2026-10-09,監視中,,2026-10-09T11:58:52+09:00,ok,
8411,8411.T,STK,みずほフィナンシャルＧ,金利・内需,東Ｐ,1,,楽天インポート,2026-10-02,8611,8208,-4.68,-2.82,-1.7,1.2,8903,8151,7,8554.2957,-4.05,43.8,0.64,2026-10-09,監視中,,2026-10-09T11:58:52+09:00,ok,
8699,8699.T,STK,ＨＳホールディングス,金利・内需,東Ｓ,1,,楽天インポート,2026-10-02,1113,1115,0.18,0.27,0.09,-0.63,1130,1102,7,1125.68,-0.95,42.46,0.26,2026-10-09,監視中,,2026-10-09T11:58:52+09:00,ok,
PFF,PFF,USS,iシェアーズ 優先株式 ＆ インカム証券 ETF,金利・内需,米国,A9,,楽天インポート,2026-10-02,29.685,29.37,-1.06,-0.31,0,-0.24,29.76,29.23,7,29.7304,-1.21,37.95,1.21,2026-10-08,監視中,,2026-10-09T11:58:52+09:00,ok,
HYG,HYG,USS,iシェアーズ iBoxx 米ドル建てハイイールド社債 ETF,金利・内需,米国,A1,,楽天インポート,2026-10-02,77.1,77.14,0.05,0.31,-0.05,-0.14,77.32,76.81,7,77.8145,-0.87,33.44,0.65,2026-10-08,監視中,,2026-10-09T11:58:52+09:00,ok,
VYM,VYM,USS,バンガード・米国高配当株式ETF,金利・内需,米国,A1,,楽天インポート,2026-10-02,156.305,158.25,1.24,1.87,0.51,-0.29,158.61,155.385,7,159.0261,-0.49,47.05,0.71,2026-10-08,監視中,,2026-10-09T11:58:52+09:00,ok,
CWB,CWB,USS,State Street SPDR ブルームバーグ・コンバーチブル債券ETF,金利・内需,米国,A1,,楽天インポート,2026-10-02,102.35,100.1,-2.2,-0.95,-1.28,-0.12,103.79,99.7,7,101.8806,-1.75,39.52,0.8,2026-10-08,監視中,,2026-10-09T11:58:52+09:00,ok,
VWOB,VWOB,USS,バンガード・米ドル建て新興国政府債券ETF,金利・内需,米国,A9,,楽天インポート,2026-10-02,62.82,63.26,0.7,0.89,0.21,-0.19,63.32,62.61,7,64.0094,-1.17,37.38,0.49,2026-10-08,監視中,,2026-10-09T11:58:52+09:00,ok,
HDV,HDV,USS,iシェアーズ　コア米国高配当株 ETF,金利・内需,米国,A1,,楽天インポート,2026-10-02,28.0365,28.82,2.79,3,1.91,0.53,28.85,27.78,7,28.6513,0.59,56.44,1.05,2026-10-08,監視中,,2026-10-09T11:58:52+09:00,ok,
SPYD,SPYD,USS,State Street SPDR ポートフォリオS&P 500 高配当株式ETF,金利・内需,米国,A1,,楽天インポート,2026-10-02,45.55,45.79,0.53,0.68,1.31,0.07,45.83,44.93,7,46.85,-2.26,36.96,0.96,2026-10-08,監視中,,2026-10-09T11:58:52+09:00,ok,
SPY,SPY,USS,State Street SPDR S&P 500 ETF,金利・内需,米国,A1,,楽天インポート,2026-10-02,770.99,773.93,0.38,1.3,-0.42,-0.3,781.62,767.15,7,766.2365,1,57.05,0.98,2026-10-08,監視中,,2026-10-09T11:58:52+09:00,ok,
8316,8316.T,STK,三井住友フィナンシャルＧ,金利・内需,東Ｐ,1,,楽天インポート,2026-10-02,3383,3272,-3.28,-1.48,-0.76,1.09,3473,3245,7,3367.4426,-2.83,44.14,0.5,2026-10-09,監視中,,2026-10-09T11:58:52+09:00,ok,
2158,2158.T,STK,ＦＲＯＮＴＥＯ,AI・半導体,東Ｇ,1,,楽天インポート,2026-10-02,691,705,2.03,3.98,4.44,-0.74,713,665,7,647.68,8.85,63.98,0.44,2026-10-09,監視中,,2026-10-09T11:58:52+09:00,ok,
2186,2186.T,STK,ソーバル,AI・半導体,東Ｓ,1,,楽天インポート,2026-10-02,904,894,-1.11,-0.56,0,-0.11,904,893,7,899.08,-0.57,42.06,0.85,2026-10-09,監視中,,2026-10-09T11:58:52+09:00,ok,
2315,2315.T,STK,ＣＡＩＣＡＤＩＧＩＴＡＬ,AI・半導体,東Ｓ,1,,楽天インポート,2026-10-02,71,61,-14.08,-10.29,1.67,-1.67,71,59,7,66.32,-8.02,42.43,0.51,2026-10-09,損切り警戒,損切り警戒,2026-10-09T11:58:52+09:00,ok,
2317,2317.T,STK,システナ,AI・半導体,東Ｐ,1,,楽天インポート,2026-10-02,423,437,3.31,3.07,2.82,0.71,437,417,7,427.5586,2.21,59.3,0.52,2026-10-09,監視中,,2026-10-09T11:58:52+09:00,ok,
2335,2335.T,STK,キューブシステム,AI・半導体,東Ｐ,1,,楽天インポート,2026-10-02,1032,1027,-0.48,0.49,1.68,-0.4,1034,1000,7,1058.8076,-3,38.22,0.56,2026-10-09,監視中,,2026-10-09T11:58:52+09:00,ok,
2349,2349.T,STK,エヌアイデイ,AI・半導体,東Ｓ,1,,楽天インポート,2026-10-02,2483,2460,-0.93,-0.93,-1.56,-1.56,2499,2446,7,2475.96,-0.64,45.96,0.22,2026-10-08,監視中,,2026-10-09T11:58:52+09:00,ok,
2354,2354.T,STK,ＹＥＤＩＧＩＴＡＬ,AI・半導体,東Ｓ,1,,楽天インポート,2026-10-02,1257,1145,-8.91,-4.26,0,-1.22,1269,1130,7,1286.92,-11.03,36.34,0.34,2026-10-09,損切り警戒,損切り警戒,2026-10-09T11:58:52+09:00,ok,
2488,2488.T,STK,ＪＴＰ,AI・半導体,東Ｓ,1,,楽天インポート,2026-10-02,1407,1449,2.99,4.47,-0.07,-2.07,1530,1370,7,1421.1109,1.96,57.17,0.77,2026-10-09,監視中,ギャップダウン,2026-10-09T11:58:52+09:00,ok,
3491,3491.T,STK,ＧＡＴＥＣＨＮＯＬＯＧＩＥＳ,AI・半導体,東Ｇ,1,,楽天インポート,2026-10-02,1282,1333,3.98,3.65,3.65,-0.78,1350,1267,7,1381.4,-3.5,44.9,0.73,2026-10-09,監視中,,2026-10-09T11:58:52+09:00,ok,
3652,3652.T,STK,ディジタルメディアプロ,AI・半導体,東Ｇ,1,,楽天インポート,2026-10-02,3245,3055,-5.86,-0.81,0.99,-1.72,3300,2970,7,2825.12,8.14,60.47,0.4,2026-10-09,監視中,,2026-10-09T11:58:52+09:00,ok,
3653,3653.T,STK,モルフォ,AI・半導体,東Ｇ,1,,楽天インポート,2026-10-02,970,936,-3.51,-4.78,-0.32,-1.6,1092,910,7,1123.2,-16.67,44.28,0.32,2026-10-09,監視中,,2026-10-09T11:58:52+09:00,ok,
3655,3655.T,STK,,AI・半導体,,,,楽天インポート,2026-10-02,,,,,,,,,7,,,,,,監視中,,2026-10-09T11:58:52+09:00,no_data,
3666,3666.T,STK,,AI・半導体,,,,楽天インポート,2026-10-02,,,,,,,,,7,,,,,,監視中,,2026-10-09T11:58:52+09:00,no_data,
3680,3680.T,STK,ホットリンク,AI・半導体,東Ｇ,1,,楽天インポート,2026-10-02,204,203,-0.49,-1.46,0.5,0.5,207,202,7,204.56,-0.76,43.17,1.43,2026-10-09,監視中,,2026-10-09T11:58:52+09:00,ok,
3690,3690.T,STK,イルグルム,AI・半導体,東Ｓ,1,,楽天インポート,2026-10-02,543,546,0.55,0.74,0.92,-0.18,547,538,7,560.729,-2.63,43.37,0.56,2026-10-09,監視中,,2026-10-09T11:58:52+09:00,ok,
3694,3694.T,STK,オプティム,AI・半導体,東Ｐ,1,,楽天インポート,2026-10-02,472,482,2.12,2.12,2.77,-1.07,483,464,7,459.08,4.99,62.39,0.42,2026-10-09,監視中,,2026-10-09T11:58:52+09:00,ok,
3744,3744.T,STK,サイオス,AI・半導体,東Ｓ,1,,楽天インポート,2026-10-02,467,466,-0.21,2.19,1.3,0.43,471,455,7,461.56,0.96,53.01,0.18,2026-10-09,監視中,,2026-10-09T11:58:52+09:00,ok,
3774,3774.T,STK,インターネットイニシアティブ,AI・半導体,東Ｐ,1,,楽天インポート,2026-10-02,3453,3680,6.57,6.2,2.68,0.45,3680,3411,7,3386.0574,8.68,73.23,0.43,2026-10-09,監視中,,2026-10-09T11:58:52+09:00,ok,
3826,3826.T,STK,システムインテグレータ,AI・半導体,東Ｓ,1,,楽天インポート,2026-10-02,495,491,-0.81,-0.61,0.41,-0.61,496,486,7,495.6,-0.93,46.19,0.11,2026-10-09,監視中,,2026-10-09T11:58:52+09:00,ok,
3905,3905.T,STK,データセクション,AI・半導体,東Ｇ,1,,楽天インポート,2026-10-02,2074,1665,-19.72,-18.46,0.54,-1.57,2116,1602,7,1712,-2.75,43.26,0.46,2026-10-09,損切り警戒,損切り警戒,2026-10-09T11:58:52+09:00,ok,
3914,3914.T,STK,ＪＩＧ－ＳＡＷ,AI・半導体,東Ｇ,1,,楽天インポート,2026-10-02,2537,2678,5.56,7.94,-0.59,-0.97,2828,2471,7,2518.72,6.32,62.67,0.31,2026-10-09,監視中,,2026-10-09T11:58:52+09:00,ok,
3961,3961.T,STK,,AI・半導体,,,,楽天インポート,2026-10-02,,,,,,,,,7,,,,,,監視中,,2026-10-09T11:58:52+09:00,no_data,
3962,3962.T,STK,チェンジホールディングス,AI・半導体,東Ｐ,1,,楽天インポート,2026-10-02,1015,1040,2.46,4.42,2.87,0.49,1044,981,7,995.76,4.44,64.81,0.95,2026-10-09,監視中,,2026-10-09T11:58:52+09:00,ok,
4382,4382.T,STK,ＨＥＲＯＺ,AI・半導体,東Ｓ,1,,楽天インポート,2026-10-02,856,1010,17.99,18.27,-3.81,-5.71,1126,846,7,845.56,19.45,71.28,0.51,2026-10-09,利確目標到達,利確目標到達|過熱警戒（寄り天・押し目待ち）|ギャップダウン,2026-10-09T11:58:52+09:00,ok,
4662,4662.T,STK,フォーカスシステムズ,AI・半導体,東Ｐ,1,,楽天インポート,2026-10-02,1622,1702,4.93,7.38,2.78,-0.72,1715,1578,7,1613.9581,5.46,64.09,0.78,2026-10-09,監視中,,2026-10-09T11:58:52+09:00,ok,
4674,4674.T,STK,クレスコ,AI・半導体,東Ｐ,1,,楽天インポート,2026-10-02,1935,1983,2.48,1.69,5.37,0.64,1986,1874,7,1841.7891,7.67,64.33,0.71,2026-10-09,監視中,,2026-10-09T11:58:52+09:00,ok,
4847,4847.T,STK,インテリジェントウェイブ,AI・半導体,東Ｐ,1,,楽天インポート,2026-10-02,1472,1554,5.57,5.57,2.44,-0.99,1555,1461,7,1449.64,7.2,73.92,1.14,2026-10-09,監視中,,2026-10-09T11:58:52+09:00,ok,
6031,6031.T,STK,ＺＥＴＡ,AI・半導体,東Ｓ,1,,楽天インポート,2026-10-02,283,273,-3.53,-0.73,-0.36,0.36,283,271,7,281.12,-2.89,48.25,0.24,2026-10-09,監視中,,2026-10-09T11:58:52+09:00,ok,
6050,6050.T,STK,イー・ガーディアン,AI・半導体,東Ｐ,1,,楽天インポート,2026-10-02,1674,1645,-1.73,0.49,0.49,-1.04,1674,1612,7,1721.7408,-4.46,36.89,0.3,2026-10-09,監視中,,2026-10-09T11:58:52+09:00,ok,
6088,6088.T,STK,シグマクシス・ホールディンク,AI・半導体,東Ｐ,1,,楽天インポート,2026-10-02,581,604,3.96,5.04,2.03,0,608,571,7,572.08,5.58,66.55,0.74,2026-10-09,監視中,,2026-10-09T11:58:52+09:00,ok,
6182,6182.T,STK,メタリアル,AI・半導体,東Ｇ,1,,楽天インポート,2026-10-02,553,498,-9.95,-7.61,0.61,-1.01,553,490,7,520.08,-4.25,43.45,0.2,2026-10-09,損切り警戒,損切り警戒,2026-10-09T11:58:52+09:00,ok,
6425,6425.T,STK,ユニバーサルエンターテインメン,AI・半導体,東Ｓ,1,,楽天インポート,2026-10-02,711,638,-10.27,-6.73,0.31,0,711,627,7,708,-9.89,33.6,0.26,2026-10-09,損切り警戒,損切り警戒,2026-10-09T11:58:52+09:00,ok,
6501,6501.T,STK,日立,AI・半導体,東Ｐ,1,,楽天インポート,2026-10-02,5510,5623,2.05,1.83,0.46,0.5,5835,5455,7,5414.1393,3.86,61.48,0.35,2026-10-09,監視中,,2026-10-09T11:58:52+09:00,ok,
6572,6572.T,STK,オープングループ,AI・半導体,東Ｐ,1,,楽天インポート,2026-10-02,263,263,0,3.54,1.94,-0.78,268,248,7,266.04,-1.14,50.09,0.39,2026-10-09,監視中,,2026-10-09T11:58:52+09:00,ok,
6701,6701.T,STK,日本電気,AI・半導体,東Ｐ,1,,楽天インポート,2026-10-02,4820,5231,8.53,6.47,3.01,1.16,5234,4820,7,4795.921,9.07,69.63,0.71,2026-10-09,監視中,,2026-10-09T11:58:52+09:00,ok,
6702,6702.T,STK,富士通,AI・半導体,東Ｐ,1,,楽天インポート,2026-10-02,4002,4226,5.6,3.86,2.45,0.56,4230,3993,7,3938.0251,7.31,70.14,0.67,2026-10-09,監視中,,2026-10-09T11:58:52+09:00,ok,
6902,6902.T,STK,デンソー,AI・半導体,東Ｐ,1,,楽天インポート,2026-10-02,1840,1843.5,0.19,1.96,0.96,-0.41,1859.5,1802,7,1863.2302,-1.06,46.05,0.38,2026-10-09,監視中,,2026-10-09T11:58:52+09:00,ok,
9474,9474.T,STK,ゼンリン,AI・半導体,東Ｐ,1,,楽天インポート,2026-10-02,905,898,-0.77,0.45,1.13,0,905,882,7,896.3441,0.18,52.01,0.39,2026-10-09,監視中,,2026-10-09T11:58:52+09:00,ok,
9613,9613.T,STK,,AI・半導体,,,,楽天インポート,2026-10-02,,,,,,,,,7,,,,,,監視中,,2026-10-09T11:58:52+09:00,no_data,
9753,9753.T,STK,アイエックス・ナレッジ,AI・半導体,東Ｓ,1,,楽天インポート,2026-10-02,1403,1435,2.28,1.77,0.35,-0.84,1438,1375,7,1419.24,1.11,57.64,0.25,2026-10-09,監視中,,2026-10-09T11:58:52+09:00,ok,
9984,9984.T,STK,ソフトバンクグループ,AI・半導体,東Ｐ,1,,楽天インポート,2026-10-02,6701,5739,-14.36,-9.05,-4.98,-5.79,6701,5600,7,6173.1051,-7.03,45.66,1.02,2026-10-09,損切り警戒,損切り警戒|ギャップダウン,2026-10-09T11:58:52+09:00,ok,
2130,2130.T,STK,メンバーズ,AI・半導体,東Ｐ,1,,楽天インポート,2026-10-02,770,701,-8.96,1.45,0,-2.57,770,672,7,852.68,-17.79,20.86,0.15,2026-10-09,損切り警戒,損切り警戒|うねり底値シグナル|ギャップダウン,2026-10-09T11:58:52+09:00,ok,
2173,2173.T,STK,博展,AI・半導体,東Ｇ,1,,楽天インポート,2026-10-02,785,776,-1.15,-0.64,0.52,0.52,788,771,7,746.4,3.97,63.95,0.05,2026-10-09,監視中,,2026-10-09T11:58:52+09:00,ok,
2389,2389.T,STK,,AI・半導体,,,,楽天インポート,2026-10-02,,,,,,,,,7,,,,,,監視中,,2026-10-09T11:58:52+09:00,no_data,
2413,2413.T,STK,エムスリー,AI・半導体,東Ｐ,1,,楽天インポート,2026-10-02,1799,1884.5,4.75,7.5,1.78,2.62,1906,1723.5,7,1766,6.71,62.35,0.89,2026-10-09,監視中,,2026-10-09T11:58:52+09:00,ok,
2483,2483.T,STK,翻訳センター,AI・半導体,東Ｓ,1,,楽天インポート,2026-10-02,2259,2231,-1.24,1.23,0.31,0,2270,2202,7,2219.92,0.5,51.05,0.76,2026-10-09,監視中,,2026-10-09T11:58:52+09:00,ok,
3544,3544.T,STK,サツドラホールディングス,AI・半導体,東Ｓ,1,,楽天インポート,2026-10-02,1247,1246,-0.08,-0.08,0,0,1249,1244,7,1247.8,-0.14,38.02,0.04,2026-10-09,監視中,,2026-10-09T11:58:52+09:00,ok,
3627,3627.T,STK,テクミラホールディングス,AI・半導体,東Ｓ,1,,楽天インポート,2026-10-02,272,267,-1.84,-0.74,-0.74,-1.49,272,264,7,266.84,0.06,50.09,1.11,2026-10-09,監視中,,2026-10-09T11:58:52+09:00,ok,
3639,3639.T,STK,ボルテージ,AI・半導体,東Ｓ,1,,楽天インポート,2026-10-02,234,216,-7.69,-6.9,-3.14,-1.79,234,214,7,232.24,-6.99,28.69,1.71,2026-10-09,うねり底値シグナル,うねり底値シグナル,2026-10-09T11:58:52+09:00,ok,
3683,3683.T,STK,サイバーリンクス,AI・半導体,東Ｓ,1,,楽天インポート,2026-10-02,1084,1107,2.12,3.94,2.22,0.65,1108,1036,7,1091.8,1.39,56.54,0.66,2026-10-09,監視中,,2026-10-09T11:58:52+09:00,ok,
3691,3691.T,STK,デジタルプラス,AI・半導体,東Ｇ,1,,楽天インポート,2026-10-02,1816,1778,-2.09,-0.73,0.28,-0.28,1890,1745,7,1841.4,-3.44,46.2,0.5,2026-10-09,監視中,,2026-10-09T11:58:52+09:00,ok,
3747,3747.T,STK,インタートレード,AI・半導体,東Ｓ,1,,楽天インポート,2026-10-02,408,421,3.19,-0.47,-1.17,0.23,454,408,7,415.04,1.44,51.61,0.47,2026-10-09,監視中,,2026-10-09T11:58:52+09:00,ok,
3766,3766.T,STK,システムズ・デザイン,AI・半導体,東Ｓ,1,,楽天インポート,2026-10-02,1536,1484,-3.39,-3.51,0.27,-1.82,1571,1453,7,1480.48,0.24,50.99,0.13,2026-10-09,監視中,,2026-10-09T11:58:52+09:00,ok,
3773,3773.T,STK,アドバンスト・メディア,AI・半導体,東Ｇ,1,,楽天インポート,2026-10-02,1074,1044,-2.79,-0.67,1.26,-0.29,1074,1028,7,1050.6,-0.63,48.95,0.4,2026-10-09,監視中,,2026-10-09T11:58:52+09:00,ok,
3799,3799.T,STK,キーウェアソリューションズ,AI・半導体,東Ｓ,1,,楽天インポート,2026-10-02,1108,1098,-0.9,-1.08,-1.7,-1.88,1117,1088,7,1110.5558,-1.13,47.25,0.63,2026-10-09,監視中,,2026-10-09T11:58:52+09:00,ok,
3807,3807.T,STK,フィスコ,AI・半導体,東Ｇ,1,,楽天インポート,2026-10-02,90,85,-5.56,-3.41,2.41,0,91,83,7,88.6,-4.06,43.96,0.48,2026-10-09,監視中,,2026-10-09T11:58:52+09:00,ok,
3839,3839.T,STK,ＯＤＫソリューションズ,AI・半導体,東Ｓ,1,,楽天インポート,2026-10-02,624,620,-0.64,-0.64,-0.16,0,628,620,7,627.5881,-1.21,44.71,0.79,2026-10-08,監視中,,2026-10-09T11:58:52+09:00,ok,
3844,3844.T,STK,コムチュア,AI・半導体,東Ｐ,1,,楽天インポート,2026-10-02,1286,1282,-0.31,1.34,2.48,0.88,1287,1234,7,1289.5641,-0.59,46.51,0.51,2026-10-09,監視中,,2026-10-09T11:58:52+09:00,ok,
3913,3913.T,STK,ＧｒｅｅｎＢｅｅ,AI・半導体,東Ｓ,1,,楽天インポート,2026-10-02,1054,1096,3.98,5.38,0.64,0.28,1102,1027,7,1106.92,-0.99,49.93,0.55,2026-10-09,監視中,,2026-10-09T11:58:52+09:00,ok,
3925,3925.T,STK,ダブルスタンダード,AI・半導体,東Ｐ,1,,楽天インポート,2026-10-02,1310,1320,0.76,3.12,2.33,-0.54,1320,1273,7,1301.2,1.44,55.91,0.67,2026-10-09,監視中,,2026-10-09T11:58:52+09:00,ok,
3937,3937.T,STK,ＵＢＩＣＯＭホールディングス,AI・半導体,東Ｓ,1,,楽天インポート,2026-10-02,1158,1154,-0.35,3.04,3.5,0.45,1158,1096,7,1157.6,-0.31,51.62,0.21,2026-10-09,監視中,,2026-10-09T11:58:52+09:00,ok,
3967,3967.T,STK,エルテス,AI・半導体,東Ｇ,1,,楽天インポート,2026-10-02,673,689,2.38,-10.87,-8.26,-4.79,913,673,7,615.8,11.89,56.74,0.18,2026-10-09,過熱警戒（寄り天・押し目待ち）,過熱警戒（寄り天・押し目待ち）|ギャップダウン,2026-10-09T11:58:52+09:00,ok,
3984,3984.T,STK,ユーザーローカル,AI・半導体,東Ｐ,1,,楽天インポート,2026-10-02,1559,1532,-1.73,0.86,2.75,-0.07,1569,1490,7,1542.56,-0.68,46.83,0.5,2026-10-09,監視中,,2026-10-09T11:58:52+09:00,ok,
3987,3987.T,STK,エコモット,AI・半導体,東Ｇ,1,,楽天インポート,2026-10-02,624,617,-1.12,-0.16,0.16,0,628,613,7,632.92,-2.52,42.35,0.14,2026-10-09,監視中,,2026-10-09T11:58:52+09:00,ok,
3996,3996.T,STK,サインポスト,AI・半導体,東Ｓ,1,,楽天インポート,2026-10-02,226,212,-6.19,-5.36,0,-2.83,227,205,7,211.8,0.09,50.93,0.28,2026-10-09,監視中,ギャップダウン,2026-10-09T11:58:52+09:00,ok,
4307,4307.T,STK,野村総合研究所,AI・半導体,東Ｐ,1,,楽天インポート,2026-10-02,5011,5663,13.01,11.59,6.03,1.2,5676,4950,7,5064.0566,11.83,70.43,1.15,2026-10-09,過熱警戒（寄り天・押し目待ち）,過熱警戒（寄り天・押し目待ち）,2026-10-09T11:58:52+09:00,ok,
4388,4388.T,STK,エーアイ,AI・半導体,東Ｓ,1,,楽天インポート,2026-10-02,361,352,-2.49,-1.12,0.28,-0.28,361,350,7,365.88,-3.79,36.35,0.32,2026-10-09,監視中,,2026-10-09T11:58:52+09:00,ok,
4725,4725.T,STK,ＣＡＣＨＯＬＤＩＮＧＳ,AI・半導体,東Ｐ,1,,楽天インポート,2026-10-02,1936,1935,-0.05,1.04,1.26,-0.1,1938,1898,7,1929.32,0.29,53.93,0.6,2026-10-09,監視中,,2026-10-09T11:58:52+09:00,ok,
4736,4736.T,STK,日本ラッド,AI・半導体,東Ｓ,1,,楽天インポート,2026-10-02,580,605,4.31,-1.14,-0.17,-0.17,618,580,7,589.08,2.7,57.16,0.54,2026-10-09,監視中,,2026-10-09T11:58:52+09:00,ok,
4812,4812.T,STK,電通総研,AI・半導体,東Ｐ,1,,楽天インポート,2026-10-02,2862,2870,0.28,0.21,0.14,0.07,2873,2861,7,2860.76,0.32,65.34,0.66,2026-10-09,監視中,,2026-10-09T11:58:52+09:00,ok,
4813,4813.T,STK,ＡＣＣＥＳＳ,AI・半導体,東Ｐ,1,,楽天インポート,2026-10-02,439,364,-17.08,-13.74,0.55,-1.66,440,352,7,405.32,-10.19,37.27,0.36,2026-10-09,損切り警戒,損切り警戒,2026-10-09T11:58:52+09:00,ok,
4901,4901.T,STK,富士フイルムＨＬＤＧＳ,AI・半導体,東Ｐ,1,,楽天インポート,2026-10-02,3393,3417,0.71,3.11,0.03,-0.47,3460,3308,7,3303.1168,3.45,57.27,0.43,2026-10-09,監視中,,2026-10-09T11:58:52+09:00,ok,
6038,6038.T,STK,イード,AI・半導体,東Ｇ,1,,楽天インポート,2026-10-02,842,823,-2.26,-2.26,-0.84,0.24,843,822,7,830,-0.84,43.22,2.35,2026-10-09,監視中,出来高急増,2026-10-09T11:58:52+09:00,ok,
6081,6081.T,STK,アライドアーキテクツ,AI・半導体,東Ｇ,1,,楽天インポート,2026-10-02,142,143,0.7,-2.05,0,0,153,142,7,148.12,-3.46,44.86,0.16,2026-10-09,監視中,,2026-10-09T11:58:52+09:00,ok,
6095,6095.T,STK,,AI・半導体,,,,楽天インポート,2026-10-02,,,,,,,,,7,,,,,,監視中,,2026-10-09T11:58:52+09:00,no_data,
6185,6185.T,STK,ＳＭＮ,AI・半導体,東Ｓ,1,,楽天インポート,2026-10-02,366,362,-1.09,-0.28,0,0,369,361,7,365.24,-0.89,43.21,0.79,2026-10-09,監視中,,2026-10-09T11:58:52+09:00,ok,
6503,6503.T,STK,三菱電機,AI・半導体,東Ｐ,1,,楽天インポート,2026-10-02,5312,5027,-5.37,-4.5,-0.48,0.44,5404,4997,7,5178.5802,-2.93,39.48,0.44,2026-10-09,監視中,,2026-10-09T11:58:52+09:00,ok,
6554,6554.T,STK,エスユーエス,AI・半導体,東Ｇ,1,,楽天インポート,2026-10-02,1102,1065,-3.36,-3.09,-0.28,-1.69,1105,1030,7,1079.3292,-1.33,47.1,0.14,2026-10-09,監視中,,2026-10-09T11:58:52+09:00,ok,
6560,6560.T,STK,エル・ティー・エス,AI・半導体,東Ｐ,1,,楽天インポート,2026-10-02,1793,1794,0.06,0.79,0.56,-0.45,1837,1770,7,1805.08,-0.61,52.21,0.09,2026-10-09,監視中,,2026-10-09T11:58:52+09:00,ok,
6562,6562.T,STK,ジーニー,AI・半導体,東Ｇ,1,,楽天インポート,2026-10-02,998,1034,3.61,4.87,2.38,-1.19,1040,970,7,990.64,4.38,61.11,0.31,2026-10-09,監視中,,2026-10-09T11:58:52+09:00,ok,
6656,6656.T,STK,インスペック,AI・半導体,東Ｓ,1,,楽天インポート,2026-10-02,837,799,-4.54,-2.68,0.38,0,847,785,7,799.96,-0.12,46.03,0.14,2026-10-09,監視中,,2026-10-09T11:58:52+09:00,ok,
6723,6723.T,STK,ルネサスエレクトロニクス,AI・半導体,東Ｐ,1,,楽天インポート,2026-10-02,3616,3602,-0.39,0.76,-3.95,-2.53,4047,3473,7,3440.8,4.68,51.21,0.39,2026-10-09,監視中,ギャップダウン,2026-10-09T11:58:52+09:00,ok,
7203,7203.T,STK,トヨタ自動車,AI・半導体,東Ｐ,1,,楽天インポート,2026-10-02,2925,2912,-0.44,1.94,0.34,1.17,2944.5,2853,7,2950.709,-1.31,46.36,0.36,2026-10-09,監視中,,2026-10-09T11:58:52+09:00,ok,
3850,3850.T,STK,イントラマート,AI・半導体,東Ｓ,1,,楽天インポート,2026-10-02,3880,3995,2.96,3.36,4.44,0.52,3995,3740,7,3860.6,3.48,63.73,1.04,2026-10-09,監視中,,2026-10-09T11:58:52+09:00,ok,
3853,3853.T,STK,アステリア,AI・半導体,東Ｐ,1,,楽天インポート,2026-10-02,1089,1041,-4.41,-3.34,1.56,-1.07,1125,1010,7,1081,-3.7,41.22,0.34,2026-10-09,監視中,,2026-10-09T11:58:52+09:00,ok,
3993,3993.T,STK,ＰＫＳＨＡＴＥＣＨＮＯＬＯＧＹ,AI・半導体,東Ｐ,1,,楽天インポート,2026-10-02,3245,3490,7.55,6.73,3.71,-0.59,3525,3245,7,3199.1904,9.09,69.4,1.17,2026-10-09,監視中,,2026-10-09T11:58:52+09:00,ok,
4326,4326.T,STK,インテージホールディングス,AI・半導体,東Ｐ,1,,楽天インポート,2026-10-02,1967,1936,-1.58,0.57,2.11,0.63,1967,1856,7,1959.68,-1.21,48.93,0.6,2026-10-09,監視中,,2026-10-09T11:58:52+09:00,ok,
6194,6194.T,STK,アトラエ,AI・半導体,東Ｐ,1,,楽天インポート,2026-10-02,941,948,0.74,3.16,3.27,0.22,949,911,7,889.32,6.6,65.59,0.56,2026-10-09,監視中,,2026-10-09T11:58:52+09:00,ok,
6758,6758.T,STK,ソニーグループ,AI・半導体,東Ｐ,1,,楽天インポート,2026-10-02,3787,3805,0.48,1.39,2.67,2,3822,3662,7,3730.3513,2,55.03,0.66,2026-10-09,監視中,,2026-10-09T11:58:52+09:00,ok,
DIS,DIS,USS,ウォルト・ディズニー,AI・半導体,米国,A1,,楽天インポート,2026-10-02,102.08,107.02,4.84,5.62,2.17,0.06,107.41,101.23,7,105.046,1.88,56.66,1.89,2026-10-08,監視中,ブレイク,2026-10-09T11:58:52+09:00,ok,
BA,BA,USS,ボーイング,AI・半導体,米国,A1,,楽天インポート,2026-10-02,192.325,187.75,-2.38,-2.36,-0.3,-1.29,196.93,184.25,7,198.7408,-5.53,35.79,1.21,2026-10-08,監視中,,2026-10-09T11:58:52+09:00,ok,
ABBV,ABBV,USS,アッヴィ,AI・半導体,米国,A1,,楽天インポート,2026-10-02,259.27,272.42,5.07,4.81,0.39,-0.14,274.94,257.87,7,262.326,3.85,66.62,0.99,2026-10-08,監視中,,2026-10-09T11:58:52+09:00,ok,
KO,KO,USS,コカ・コーラ,AI・半導体,米国,A1,,楽天インポート,2026-10-02,85.35,87.77,2.84,1.94,2.27,0.51,88.04,85.13,7,87.4133,0.41,54.13,0.89,2026-10-08,監視中,,2026-10-09T11:58:52+09:00,ok,
INTC,INTC,USS,インテル,AI・半導体,米国,A9,,楽天インポート,2026-10-02,123.4598,107.08,-13.27,-10.77,-5.34,-2.42,126,105.24,7,110.9304,-3.47,45.52,1.29,2026-10-08,損切り警戒,損切り警戒|ギャップダウン,2026-10-09T11:58:52+09:00,ok,
MSFT,MSFT,USS,マイクロソフト,AI・半導体,米国,A9,,楽天インポート,2026-10-02,515.97,522.61,1.29,1.91,-1.35,0.01,535.69,513.66,7,506.0164,3.28,61.97,0.99,2026-10-08,監視中,,2026-10-09T11:58:52+09:00,ok,
VZ,VZ,USS,ベライゾン・コミュニケーションズ,AI・半導体,米国,A1,,楽天インポート,2026-10-02,46.0775,46.35,0.59,0.8,1.27,0.63,46.58,45.29,7,47.9924,-3.42,41.73,1.09,2026-10-08,監視中,,2026-10-09T11:58:52+09:00,ok,
T,T,USS,AT&T,AI・半導体,米国,A1,,楽天インポート,2026-10-02,24.35,24.87,2.14,2.35,1.63,0.61,24.97,23.97,7,25.2472,-1.49,49.8,1.69,2026-10-08,監視中,,2026-10-09T11:58:52+09:00,ok,
TDC,TDC,USS,テラデータ,AI・半導体,米国,A1,,楽天インポート,2026-10-02,29.99,30.29,1,1.24,3.88,0.07,30.46,29.04,7,29.01,4.41,57.97,2.13,2026-10-08,監視中,出来高急増|ブレイク,2026-10-09T11:58:52+09:00,ok,
NFLX,NFLX,USS,ネットフリックス,AI・半導体,米国,A9,,楽天インポート,2026-10-02,67.385,71.57,6.21,5.48,2.68,0.56,71.62,66.54,7,73.2036,-2.23,46.57,1.26,2026-10-08,監視中,,2026-10-09T11:58:52+09:00,ok,
SBUX,SBUX,USS,スターバックス,AI・半導体,米国,A9,,楽天インポート,2026-10-02,94.7,93.21,-1.57,-1.76,-0.4,-0.62,96.73,87.35,7,96.8012,-3.71,34,4.21,2026-10-08,監視中,出来高急増,2026-10-09T11:58:52+09:00,ok,
NTAP,NTAP,USS,ネットアップ,AI・半導体,米国,A9,,楽天インポート,2026-10-02,225.7496,231.05,2.35,7.44,-2,-0.78,238.08,216.25,7,202.4776,14.11,71.49,0.68,2026-10-08,過熱警戒（寄り天・押し目待ち）,過熱警戒（寄り天・押し目待ち）,2026-10-09T11:58:52+09:00,ok,
STX,STX,USS,シーゲイト・テクノロジー,AI・半導体,米国,A9,,楽天インポート,2026-10-02,801.1487,774.83,-3.29,-18.06,-4.05,-1.62,903,770.06,7,860.576,-9.96,39.45,0.76,2026-10-08,監視中,,2026-10-09T11:58:52+09:00,ok,
AMD,AMD,USS,アドバンスト・マイクロ・デバイス(AMD),AI・半導体,米国,A9,,楽天インポート,2026-10-02,639.305,620.68,-2.91,0.8,-3.9,-1.01,658.52,613.34,7,573.3464,8.26,61.65,1.25,2026-10-08,監視中,,2026-10-09T11:58:52+09:00,ok,
TPR,TPR,USS,タペストリー,AI・半導体,米国,A1,,楽天インポート,2026-10-02,117.1,115.82,-1.09,-2.87,2.12,-1.07,119.61,112.21,7,115.9603,-0.12,44.42,1,2026-10-08,監視中,,2026-10-09T11:58:52+09:00,ok,
DBX,DBX,USS,ドロップボックス,AI・半導体,米国,A9,,楽天インポート,2026-10-02,34.19,34.14,-0.15,0.18,3.2,-0.33,34.68,32.94,7,34.6876,-1.58,49.61,0.87,2026-10-08,監視中,,2026-10-09T11:58:52+09:00,ok,
PG,PG,USS,プロクター・アンド・ギャンブル,AI・半導体,米国,A1,,楽天インポート,2026-10-02,144.22,150.59,4.42,4.61,1.87,-0.05,150.76,143.81,7,146.4572,2.82,61.06,1.41,2026-10-08,監視中,,2026-10-09T11:58:52+09:00,ok,
BIIB,BIIB,USS,バイオジェン,AI・半導体,米国,A9,,楽天インポート,2026-10-02,221.205,218.43,-1.25,-1.97,-1.67,-0.9,228,215.73,7,220.9024,-1.12,46.64,1.16,2026-10-08,監視中,,2026-10-09T11:58:52+09:00,ok,
MMM,MMM,USS,スリーエム,AI・半導体,米国,A1,,楽天インポート,2026-10-02,163.27,163.58,0.19,0.34,0.9,-0.76,164.71,159.92,7,165.5104,-1.17,43.46,0.82,2026-10-08,監視中,,2026-10-09T11:58:52+09:00,ok,
LLY,LLY,USS,イーライリリー,AI・半導体,米国,A1,,楽天インポート,2026-10-02,1150.735,1169.6,1.64,1.72,-1.61,-0.44,1206.63,1131.21,7,1153.714,1.38,50.47,1.45,2026-10-08,監視中,,2026-10-09T11:58:52+09:00,ok,
2693,2693.T,STK,ＹＫＴ,先端テック,東Ｓ,1,,楽天インポート,2026-10-02,284,277,-2.46,-0.72,1.09,-0.36,285,273,7,280.76,-1.34,43.7,0.79,2026-10-09,監視中,,2026-10-09T11:58:52+09:00,ok,
3655,3655.T,STK,,先端テック,,,,楽天インポート,2026-10-02,,,,,,,,,7,,,,,,監視中,,2026-10-09T11:58:52+09:00,no_data,
3687,3687.T,STK,フィックスターズ,先端テック,東Ｐ,1,,楽天インポート,2026-10-02,2293,2190,-4.49,-4.07,1.25,-1.66,2331,2117,7,2196.7642,-0.31,50.13,0.44,2026-10-09,監視中,,2026-10-09T11:58:52+09:00,ok,
3858,3858.T,STK,ユビキタスＡＩ,先端テック,東Ｓ,1,,楽天インポート,2026-10-02,329,350,6.38,6.71,-3.05,-1.66,389,328,7,318.04,10.05,68.32,0.7,2026-10-09,過熱警戒（寄り天・押し目待ち）,過熱警戒（寄り天・押し目待ち）,2026-10-09T11:58:52+09:00,ok,
4736,4736.T,STK,日本ラッド,先端テック,東Ｓ,1,,楽天インポート,2026-10-02,580,605,4.31,-1.14,-0.17,-0.17,618,580,7,589.08,2.7,57.16,0.54,2026-10-09,監視中,,2026-10-09T11:58:52+09:00,ok,
6503,6503.T,STK,三菱電機,先端テック,東Ｐ,1,,楽天インポート,2026-10-02,5312,5027,-5.37,-4.5,-0.48,0.44,5404,4997,7,5178.5802,-2.93,39.48,0.44,2026-10-09,監視中,,2026-10-09T11:58:52+09:00,ok,
6701,6701.T,STK,日本電気,先端テック,東Ｐ,1,,楽天インポート,2026-10-02,4820,5231,8.53,6.47,3.01,1.16,5234,4820,7,4795.921,9.07,69.63,0.71,2026-10-09,監視中,,2026-10-09T11:58:52+09:00,ok,
6702,6702.T,STK,富士通,先端テック,東Ｐ,1,,楽天インポート,2026-10-02,4002,4226,5.6,3.86,2.45,0.56,4230,3993,7,3938.0251,7.31,70.14,0.67,2026-10-09,監視中,,2026-10-09T11:58:52+09:00,ok,
6864,6864.T,STK,エヌエフホールディングス,先端テック,東Ｓ,1,,楽天インポート,2026-10-02,1614,1541,-4.52,-2.9,0.92,0.07,1617,1510,7,1584,-2.71,43.17,0.72,2026-10-09,監視中,,2026-10-09T11:58:52+09:00,ok,
6902,6902.T,STK,デンソー,先端テック,東Ｐ,1,,楽天インポート,2026-10-02,1840,1843.5,0.19,1.96,0.96,-0.41,1859.5,1802,7,1863.2302,-1.06,46.05,0.38,2026-10-09,監視中,,2026-10-09T11:58:52+09:00,ok,
6501,6501.T,STK,日立,先端テック,東Ｐ,1,,楽天インポート,2026-10-02,5510,5623,2.05,1.83,0.46,0.5,5835,5455,7,5414.1393,3.86,61.48,0.35,2026-10-09,監視中,,2026-10-09T11:58:52+09:00,ok,
8015,8015.T,STK,豊田通商,先端テック,東Ｐ,1,,楽天インポート,2026-10-02,7253,7114,-1.92,-2.06,-1.32,-0.32,7543,7109,7,7372.4893,-3.51,42.98,0.72,2026-10-09,監視中,,2026-10-09T11:58:52+09:00,ok,
9432,9432.T,STK,ＮＴＴ,先端テック,東Ｐ,1,,楽天インポート,2026-10-02,170.3,173.3,1.76,2,0.7,0.87,174.2,167.2,7,171.9522,0.78,59.31,0.5,2026-10-09,監視中,,2026-10-09T11:58:52+09:00,ok,
NUGT,NUGT,USS,Direxion デイリー 金鉱株 ブル2倍 ETF,先端テック,米国,A1,,楽天インポート,2026-10-02,146.02,143.22,-1.92,-0.58,2.67,-0.12,150.95,135.75,7,166.6519,-14.06,39.56,1.11,2026-10-08,監視中,,2026-10-09T11:58:52+09:00,ok,
BB,BB,USS,ブラックベリー,先端テック,米国,A1,,楽天インポート,2026-10-02,9.305,8.63,-7.25,-5.99,-1.6,-0.57,9.72,8.5,7,8.3568,3.27,49.64,0.75,2026-10-08,監視中,,2026-10-09T11:58:52+09:00,ok,
MO,MO,USS,アルトリア・グループ,先端テック,米国,A1,,楽天インポート,2026-10-02,67.27,71.42,6.17,6.68,2.94,0.89,71.84,65.78,7,68.5956,4.12,66.54,1.64,2026-10-08,監視中,ブレイク,2026-10-09T11:58:52+09:00,ok,
QCOM,QCOM,USS,クアルコム,先端テック,米国,A9,,楽天インポート,2026-10-02,188.42,176.01,-6.59,-3.34,-0.63,-1.49,188.95,171.02,7,183.5748,-4.12,44.77,0.97,2026-10-08,監視中,,2026-10-09T11:58:52+09:00,ok,
CRWD,CRWD,USS,クラウドストライク,先端テック,米国,A9,,楽天インポート,2026-10-02,271.33,263.01,-3.07,-1.16,-0.92,-0.31,286.99,261.62,7,245.6248,7.08,58.59,1.37,2026-10-08,監視中,,2026-10-09T11:58:52+09:00,ok,
5334,5334.T,STK,日本特殊陶業,新エネルギー,東Ｐ,1,,楽天インポート,2026-10-02,3835,3847,0.31,2.37,-0.18,-0.39,4034,3755,7,3723.7566,3.31,48.17,0.29,2026-10-09,監視中,,2026-10-09T11:58:52+09:00,ok,
7203,7203.T,STK,トヨタ自動車,新エネルギー,東Ｐ,1,,楽天インポート,2026-10-02,2925,2912,-0.44,1.94,0.34,1.17,2944.5,2853,7,2950.709,-1.31,46.36,0.36,2026-10-09,監視中,,2026-10-09T11:58:52+09:00,ok,
6674,6674.T,STK,ジーエス・ユアサコーポ,新エネルギー,東Ｐ,1,,楽天インポート,2026-10-02,5500,5480,-0.36,0.59,-0.56,-1.54,5779,5385,7,5306.527,3.27,52.22,0.3,2026-10-09,監視中,,2026-10-09T11:58:52+09:00,ok,
5706,5706.T,STK,三井金属,新エネルギー,東Ｐ,1,,楽天インポート,2026-10-02,2464.5,2627,6.59,2.88,-3.24,-1.84,2868.5,2464.5,7,2366.1497,11.02,57.28,0.39,2026-10-09,過熱警戒（寄り天・押し目待ち）,過熱警戒（寄り天・押し目待ち）,2026-10-09T11:58:52+09:00,ok,
4021,4021.T,STK,日産化学,新エネルギー,東Ｐ,1,,楽天インポート,2026-10-02,8454,9073,7.32,8.11,0.59,1.05,9150,8314,7,8229.7872,10.25,74.46,0.66,2026-10-09,過熱警戒（寄り天・押し目待ち）,過熱警戒（寄り天・押し目待ち）,2026-10-09T11:58:52+09:00,ok,
6981,6981.T,STK,村田製作所,新エネルギー,東Ｐ,1,,楽天インポート,2026-10-02,8513,7829,-8.03,-7.54,-5.3,-5.21,8980,7800,7,7746.2025,1.07,49.26,0.6,2026-10-09,損切り警戒,損切り警戒|ギャップダウン,2026-10-09T11:58:52+09:00,ok,
4275,4275.T,STK,カーリット,新エネルギー,東Ｐ,1,,楽天インポート,2026-10-02,1907,1802,-5.51,-2.8,-0.33,-0.94,1925,1784,7,1939.44,-7.09,33.86,0.44,2026-10-09,監視中,,2026-10-09T11:58:52+09:00,ok,
4114,4114.T,STK,日本触媒,新エネルギー,東Ｐ,1,,楽天インポート,2026-10-02,2554,2545,-0.35,0,0.91,-0.18,2598.5,2510,7,2513.5974,1.25,54.93,0.39,2026-10-09,監視中,,2026-10-09T11:58:52+09:00,ok,
6762,6762.T,STK,ＴＤＫ,新エネルギー,東Ｐ,1,,楽天インポート,2026-10-02,3200,3231,0.97,1.03,-3.64,1.4,3698,3116,7,3003.5105,7.57,55.24,0.43,2026-10-09,監視中,,2026-10-09T11:58:52+09:00,ok,
4188,4188.T,STK,三菱ケミカルグループ,新エネルギー,東Ｐ,1,,楽天インポート,2026-10-02,1155,1143,-1.04,0,-1.17,-1.34,1199,1133,7,1170.9514,-2.39,45.36,0.34,2026-10-09,監視中,,2026-10-09T11:58:52+09:00,ok,
5367,5367.T,STK,ニッカトー,新エネルギー,東Ｓ,1,,楽天インポート,2026-10-02,1495,1416,-5.28,-4.13,-0.56,-1.54,1541,1388,7,1400.9984,1.07,52.57,0.38,2026-10-09,監視中,,2026-10-09T11:58:52+09:00,ok,
5713,5713.T,STK,住友鉱山,新エネルギー,東Ｐ,1,,楽天インポート,2026-10-02,9770,9262,-5.2,-4.75,-0.01,-0.65,10120,9127,7,9644.8128,-3.97,43.78,0.41,2026-10-09,監視中,,2026-10-09T11:58:52+09:00,ok,
6810,6810.T,STK,マクセル,新エネルギー,東Ｐ,1,,楽天インポート,2026-10-02,2603,2553,-1.92,-1.5,-0.27,-1.29,2676,2515,7,2541.2891,0.46,52.03,0.39,2026-10-09,監視中,,2026-10-09T11:58:52+09:00,ok,
5218,5218.T,STK,オハラ,新エネルギー,東Ｓ,1,,楽天インポート,2026-10-02,1679,1766,5.18,8.41,4.31,-0.35,1792,1629,7,1650.64,6.99,60.93,1.19,2026-10-09,監視中,,2026-10-09T11:58:52+09:00,ok,
7272,7272.T,STK,ヤマハ発動機,新エネルギー,東Ｐ,1,,楽天インポート,2026-10-02,1803.5,1817,0.75,3.59,-0.68,-0.63,1850,1754,7,1805.02,0.66,53.04,0.45,2026-10-09,監視中,,2026-10-09T11:58:52+09:00,ok,
3405,3405.T,STK,クラレ,新エネルギー,東Ｐ,1,,楽天インポート,2026-10-02,1795,1828.5,1.87,3.25,1.22,0.47,1835.5,1760,7,1803.28,1.4,53.83,0.46,2026-10-09,監視中,,2026-10-09T11:58:52+09:00,ok,
6758,6758.T,STK,ソニーグループ,新エネルギー,東Ｐ,1,,楽天インポート,2026-10-02,3787,3805,0.48,1.39,2.67,2,3822,3662,7,3730.3513,2,55.03,0.66,2026-10-09,監視中,,2026-10-09T11:58:52+09:00,ok,
4204,4204.T,STK,積水化学,新エネルギー,東Ｐ,1,,楽天インポート,2026-10-02,2535,2543,0.32,1.76,0.45,-0.06,2553.5,2480.5,7,2496.8172,1.85,54.41,0.27,2026-10-09,監視中,,2026-10-09T11:58:52+09:00,ok,
4182,4182.T,STK,三菱瓦斯化学,新エネルギー,東Ｐ,1,,楽天インポート,2026-10-02,3920,3865,-1.4,-1.28,-1.13,-2.33,4116,3811,7,3829.3821,0.93,48.63,0.29,2026-10-09,監視中,ギャップダウン,2026-10-09T11:58:52+09:00,ok,
5214,5214.T,STK,日本電気硝子,新エネルギー,東Ｐ,1,,楽天インポート,2026-10-02,5075,5160,1.67,2,-1.13,-1.9,5361,5031,7,4909.12,5.11,57.86,0.49,2026-10-09,監視中,,2026-10-09T11:58:52+09:00,ok,
6752,6752.T,STK,パナソニックホールディンク,新エネルギー,東Ｐ,1,,楽天インポート,2026-10-02,4550,4372,-3.91,-4.29,-2.69,-2.45,4816,4357,7,4374.7792,-0.06,47.81,0.47,2026-10-09,監視中,ギャップダウン,2026-10-09T11:58:52+09:00,ok,
6976,6976.T,STK,太陽誘電,新エネルギー,東Ｐ,1,,楽天インポート,2026-10-02,10100,10850,7.43,7.48,-0.96,-6.89,12110,9564,7,9569.373,13.38,60.24,0.45,2026-10-09,過熱警戒（寄り天・押し目待ち）,過熱警戒（寄り天・押し目待ち）|ギャップダウン,2026-10-09T11:58:52+09:00,ok,
7912,7912.T,STK,大日本印刷,新エネルギー,東Ｐ,1,,楽天インポート,2026-10-02,2997.5,2953,-1.48,-1.37,0.77,0,3065,2912,7,2992.8483,-1.33,44.27,0.4,2026-10-09,監視中,,2026-10-09T11:58:52+09:00,ok,
4901,4901.T,STK,富士フイルムＨＬＤＧＳ,新エネルギー,東Ｐ,1,,楽天インポート,2026-10-02,3393,3417,0.71,3.11,0.03,-0.47,3460,3308,7,3303.1168,3.45,57.27,0.43,2026-10-09,監視中,,2026-10-09T11:58:52+09:00,ok,
5019,5019.T,STK,出光興産,新エネルギー,東Ｐ,1,,楽天インポート,2026-10-02,1527.5,1525.5,-0.13,-2.21,1.94,2,1567.5,1459.5,7,1569.6739,-2.81,49.42,0.47,2026-10-09,監視中,,2026-10-09T11:58:52+09:00,ok,
3407,3407.T,STK,旭化成,新エネルギー,東Ｐ,1,,楽天インポート,2026-10-02,1649.5,1602.5,-2.85,-1.69,-2.91,-4.27,1681,1580,7,1601.9133,0.04,45.57,0.56,2026-10-09,監視中,ギャップダウン,2026-10-09T11:58:52+09:00,ok,
5727,5727.T,STK,,新エネルギー,,,,楽天インポート,2026-10-02,,,,,,,,,7,,,,,,監視中,,2026-10-09T11:58:52+09:00,no_data,
6955,6955.T,STK,ＦＤＫ,新エネルギー,東Ｓ,1,,楽天インポート,2026-10-02,405,400,-1.23,-1.23,0,0.25,419,397,7,406.44,-1.58,44.87,0.3,2026-10-09,監視中,,2026-10-09T11:58:52+09:00,ok,
7004,7004.T,STK,カナデビア,新エネルギー,東Ｐ,1,,楽天インポート,2026-10-02,1173,1115,-4.94,-3.46,0.27,-0.09,1182,1102,7,1159.52,-3.84,36.02,0.25,2026-10-09,監視中,,2026-10-09T11:58:52+09:00,ok,
5726,5726.T,STK,大阪チタニウム,新エネルギー,東Ｐ,1,,楽天インポート,2026-10-02,2465,2260,-8.32,-5.56,-0.88,-1.93,2470,2228,7,2487.56,-9.15,31.19,0.51,2026-10-09,損切り警戒,損切り警戒,2026-10-09T11:58:52+09:00,ok,
4471,4471.T,STK,三洋化成,新エネルギー,東Ｐ,1,,楽天インポート,2026-10-02,1653,1631,-1.33,-1.45,0.12,-1.47,1725,1598,7,1524.2635,7,62.66,0.31,2026-10-09,監視中,,2026-10-09T11:58:52+09:00,ok,
3402,3402.T,STK,東レ,新エネルギー,東Ｐ,1,,楽天インポート,2026-10-02,1231.5,1234.5,0.24,0.9,0.61,-0.12,1268,1212,7,1236.4107,-0.15,48.32,0.35,2026-10-09,監視中,,2026-10-09T11:58:52+09:00,ok,
7911,7911.T,STK,ＴＯＰＰＡＮホールディングス,新エネルギー,東Ｐ,1,,楽天インポート,2026-10-02,2417.5,2358,-2.46,-1.11,-0.11,-0.57,2505,2325,7,2407.3441,-2.05,45.35,0.26,2026-10-09,監視中,,2026-10-09T11:58:52+09:00,ok,
6971,6971.T,STK,京セラ,新エネルギー,東Ｐ,1,,楽天インポート,2026-10-02,3728,3707,-0.56,1.06,-1.2,-0.8,3886,3662,7,3606.5219,2.79,52.57,0.7,2026-10-09,監視中,,2026-10-09T11:58:52+09:00,ok,
5715,5715.T,STK,古河機金,新エネルギー,東Ｐ,1,,楽天インポート,2026-10-02,4070,3760,-7.62,-6.93,-1.96,-0.78,4165,3750,7,4079.3537,-7.83,36.92,0.47,2026-10-09,監視中,,2026-10-09T11:58:52+09:00,ok,
7201,7201.T,STK,日産自動車,新エネルギー,東Ｐ,1,,楽天インポート,2026-10-02,295.7,283.1,-4.26,0.75,0.04,-0.28,295.7,279.4,7,302.22,-6.33,33.91,0.3,2026-10-09,監視中,,2026-10-09T11:58:52+09:00,ok,
6501,6501.T,STK,日立,新エネルギー,東Ｐ,1,,楽天インポート,2026-10-02,5510,5623,2.05,1.83,0.46,0.5,5835,5455,7,5414.1393,3.86,61.48,0.35,2026-10-09,監視中,,2026-10-09T11:58:52+09:00,ok,
4183,4183.T,STK,三井化学,新エネルギー,東Ｐ,1,,楽天インポート,2026-10-02,2117,2064,-2.5,-1.76,-2.48,-3.17,2191,2035.5,7,2127.4907,-2.98,43.83,0.99,2026-10-09,監視中,ギャップダウン,2026-10-09T11:58:52+09:00,ok,
7267,7267.T,STK,本田技研,新エネルギー,東Ｐ,1,,楽天インポート,2026-10-02,1696,1739,2.54,4.48,1.55,2.57,1756.5,1645.5,7,1664.576,4.47,63.09,0.73,2026-10-09,監視中,,2026-10-09T11:58:52+09:00,ok,
6339,6339.T,STK,新東工業,新エネルギー,東Ｐ,1,,楽天インポート,2026-10-02,1152,1078,-6.42,-3.66,-0.09,0.37,1157,1075,7,1152.0758,-6.43,32.53,0.41,2026-10-09,監視中,,2026-10-09T11:58:52+09:00,ok,
5333,5333.T,STK,ＮＧＫ,新エネルギー,東Ｐ,1,,楽天インポート,2026-10-02,5566,5544,-0.4,-1.42,-1.18,-1.02,6013,5475,7,5317.2445,4.26,52.51,0.42,2026-10-09,監視中,,2026-10-09T11:58:52+09:00,ok,
INFY,INFY,USS,インフォシス・テクノロジーズ,新エネルギー,米国,A1,,楽天インポート,2026-10-02,11.1,10.7,-3.6,-5.73,1.42,-0.09,11.35,10.12,7,10.9596,-2.37,43.16,1.27,2026-10-08,監視中,,2026-10-09T11:58:52+09:00,ok,
PM,PM,USS,フィリップ　モリス　インターナショナル,新エネルギー,米国,A1,,楽天インポート,2026-10-02,188.4101,200.5,6.42,7.46,4.05,1.12,202.7,184.11,7,189.0095,6.08,68.24,1.37,2026-10-08,監視中,,2026-10-09T11:58:52+09:00,ok,
DFS,DFS,USS,ディスカバー・ファイナンシャル・サービシズ,新エネルギー,米国,A1,,楽天インポート,2026-10-02,,,,,,,,,7,,,,,,監視中,,2026-10-09T11:58:52+09:00,no_data,
SYF,SYF,USS,シンクロニー・ファイナンシャル,新エネルギー,米国,A1,,楽天インポート,2026-10-02,72.035,73.72,2.34,3.09,2.49,-0.92,73.92,71.14,7,74.138,-0.56,49.83,1.58,2026-10-08,監視中,,2026-10-09T11:58:52+09:00,ok,
ADBE,ADBE,USS,アドビ,新エネルギー,米国,A9,,楽天インポート,2026-10-02,238.35,241.05,1.13,-0.1,3.56,0.02,243.92,227,7,247.1028,-2.45,45.77,1.42,2026-10-08,監視中,,2026-10-09T11:58:52+09:00,ok,
BIDU,BIDU,USS,バイドゥ,新エネルギー,米国,A9,,楽天インポート,2026-10-02,84.825,83.92,-1.07,-1.95,-1.62,-1.23,87.99,82.86,7,89.4388,-6.17,32.95,1.15,2026-10-08,監視中,,2026-10-09T11:58:52+09:00,ok,
STX,STX,USS,シーゲイト・テクノロジー,新エネルギー,米国,A9,,楽天インポート,2026-10-02,801.1487,774.83,-3.29,-18.06,-4.05,-1.62,903,770.06,7,860.576,-9.96,39.45,0.76,2026-10-08,監視中,,2026-10-09T11:58:52+09:00,ok,
PFE,PFE,USS,ファイザー,新エネルギー,米国,A1,,楽天インポート,2026-10-02,27.7323,27.82,0.32,-1.07,-0.64,-0.36,28.17,27.12,7,27.9908,-0.61,49.23,1.44,2026-10-08,監視中,,2026-10-09T11:58:52+09:00,ok,
SNOW,SNOW,USS,スノーフレーク,新エネルギー,米国,A1,,楽天インポート,2026-10-02,341.195,343.4,0.65,0.41,3.17,-0.22,349,332,7,335.578,2.33,57.01,1.23,2026-10-08,監視中,,2026-10-09T11:58:52+09:00,ok,
ABNB,ABNB,USS,エアビーアンドビー,新エネルギー,米国,A9,,楽天インポート,2026-10-02,162.38,163.23,0.52,1.72,1.62,-0.26,164.91,158.6557,7,164.7932,-0.95,48.38,0.94,2026-10-08,監視中,,2026-10-09T11:58:52+09:00,ok,
1963,1963.T,STK,日揮ホールディングス,環境・インフラ,東Ｐ,1,,楽天インポート,2026-10-02,2255.5,2139.5,-5.14,-4.72,-0.02,0.79,2280,2133,7,2300.9,-7.01,34.31,0.58,2026-10-09,監視中,,2026-10-09T11:58:52+09:00,ok,
3101,3101.T,STK,東洋紡,環境・インフラ,東Ｐ,1,,楽天インポート,2026-10-02,1665,1652,-0.78,0.3,0.73,-0.12,1695,1622,7,1647.08,0.3,49.39,0.56,2026-10-09,監視中,,2026-10-09T11:58:52+09:00,ok,
3402,3402.T,STK,東レ,環境・インフラ,東Ｐ,1,,楽天インポート,2026-10-02,1231.5,1234.5,0.24,0.9,0.61,-0.12,1268,1212,7,1236.4107,-0.15,48.32,0.35,2026-10-09,監視中,,2026-10-09T11:58:52+09:00,ok,
4188,4188.T,STK,三菱ケミカルグループ,環境・インフラ,東Ｐ,1,,楽天インポート,2026-10-02,1155,1143,-1.04,0,-1.17,-1.34,1199,1133,7,1170.9514,-2.39,45.36,0.34,2026-10-09,監視中,,2026-10-09T11:58:52+09:00,ok,
5406,5406.T,STK,神戸製鋼所,環境・インフラ,東Ｐ,1,,楽天インポート,2026-10-02,2006.5,1976.5,-1.5,-0.8,0.03,-0.18,2030,1965.5,7,2006.0228,-1.47,44.8,0.45,2026-10-09,監視中,,2026-10-09T11:58:52+09:00,ok,
5802,5802.T,STK,住友電工,環境・インフラ,東Ｐ,1,,楽天インポート,2026-10-02,2369,2329,-1.69,-5.02,-2.88,-1.38,2587,2311.5,7,2202.6712,5.74,55.52,0.45,2026-10-09,監視中,,2026-10-09T11:58:52+09:00,ok,
6239,6239.T,STK,ナガオカ,環境・インフラ,東Ｓ,1,,楽天インポート,2026-10-02,1430,1411,-1.33,0.43,-0.84,-1.62,1438,1399,7,1436.8,-1.8,47.22,0.08,2026-10-09,監視中,,2026-10-09T11:58:52+09:00,ok,
6361,6361.T,STK,荏原製作所,環境・インフラ,東Ｐ,1,,楽天インポート,2026-10-02,4757,4697,-1.26,-0.09,-0.45,-1.17,4940,4595,7,4509.16,4.17,51.87,0.42,2026-10-09,監視中,,2026-10-09T11:58:52+09:00,ok,
6363,6363.T,STK,酉島製作所,環境・インフラ,東Ｐ,1,,楽天インポート,2026-10-02,2945,2883,-2.11,-1.27,0.31,-0.66,3075,2830,7,2899.6052,-0.57,46.28,0.31,2026-10-09,監視中,,2026-10-09T11:58:52+09:00,ok,
6368,6368.T,STK,オルガノ,環境・インフラ,東Ｐ,1,,楽天インポート,2026-10-02,2585,2720.5,5.24,6.9,0.28,-1.9,2787,2528,7,2466.1933,10.31,63.64,0.33,2026-10-09,過熱警戒（寄り天・押し目待ち）,過熱警戒（寄り天・押し目待ち）,2026-10-09T11:58:52+09:00,ok,
6501,6501.T,STK,日立,環境・インフラ,東Ｐ,1,,楽天インポート,2026-10-02,5510,5623,2.05,1.83,0.46,0.5,5835,5455,7,5414.1393,3.86,61.48,0.35,2026-10-09,監視中,,2026-10-09T11:58:52+09:00,ok,
7003,7003.T,STK,三井Ｅ＆Ｓ,環境・インフラ,東Ｐ,1,,楽天インポート,2026-10-02,4234,3962,-6.42,-5.51,0.92,-1.15,4274,3881,7,4203.9118,-5.75,39.61,0.41,2026-10-09,監視中,,2026-10-09T11:58:52+09:00,ok,
7004,7004.T,STK,カナデビア,環境・インフラ,東Ｐ,1,,楽天インポート,2026-10-02,1173,1115,-4.94,-3.46,0.27,-0.09,1182,1102,7,1159.52,-3.84,36.02,0.25,2026-10-09,監視中,,2026-10-09T11:58:52+09:00,ok,
7011,7011.T,STK,三菱重工業,環境・インフラ,東Ｐ,1,,楽天インポート,2026-10-02,3842,3647,-5.08,-4.35,-0.9,0.27,3943,3635,7,3783.6887,-3.61,39.09,0.41,2026-10-09,監視中,,2026-10-09T11:58:52+09:00,ok,
7013,7013.T,STK,ＩＨＩ,環境・インフラ,東Ｐ,1,,楽天インポート,2026-10-02,2711.5,2612,-3.67,-3.53,0.85,1.16,2784,2589,7,2705.9533,-3.47,41.05,0.34,2026-10-09,監視中,,2026-10-09T11:58:52+09:00,ok,
8001,8001.T,STK,伊藤忠,環境・インフラ,東Ｐ,1,,楽天インポート,2026-10-02,2202.5,2151.5,-2.32,-1.1,0.61,1.01,2216.5,2100,7,2221.0062,-3.13,45.98,0.6,2026-10-09,監視中,,2026-10-09T11:58:52+09:00,ok,
8002,8002.T,STK,丸紅,環境・インフラ,東Ｐ,1,,楽天インポート,2026-10-02,4832,4691,-2.92,-0.72,-0.4,0.49,4894,4623,7,4896.7156,-4.2,39.28,0.4,2026-10-09,監視中,,2026-10-09T11:58:52+09:00,ok,
8031,8031.T,STK,三井物産,環境・インフラ,東Ｐ,1,,楽天インポート,2026-10-02,4916,4774,-2.89,-2.61,0.21,0.92,4991,4672,7,4983.0985,-4.2,40.65,0.45,2026-10-09,監視中,,2026-10-09T11:58:52+09:00,ok,
8053,8053.T,STK,住友商事,環境・インフラ,東Ｐ,1,,楽天インポート,2026-10-02,1751.5,1695.5,-3.2,-1.88,-0.24,0.21,1761.5,1666,7,1769.9866,-4.21,41.42,0.52,2026-10-09,監視中,,2026-10-09T11:58:52+09:00,ok,
8058,8058.T,STK,三菱商事,環境・インフラ,東Ｐ,1,,楽天インポート,2026-10-02,4722,4582,-2.96,-2.39,-0.17,1.5,4765,4513,7,4804.0819,-4.62,38.98,0.49,2026-10-09,監視中,,2026-10-09T11:58:52+09:00,ok,
6365,6365.T,STK,電業社,環境・インフラ,東Ｓ,1,,楽天インポート,2026-10-02,5600,5540,-1.07,-1.07,-1.25,-0.53,5680,5540,7,5550.115,-0.18,49.47,1.14,2026-10-09,監視中,,2026-10-09T11:58:52+09:00,ok,
6988,6988.T,STK,日東電工,環境・インフラ,東Ｐ,1,,楽天インポート,2026-10-02,3517,3617,2.84,3.17,2.58,0.37,3653,3471,7,3399.7367,6.39,63.45,0.73,2026-10-09,監視中,,2026-10-09T11:58:52+09:00,ok,
F,F,USS,フォード・モーター,環境・インフラ,米国,A1,,楽天インポート,2026-10-02,12.12,12.25,1.07,-0.16,1.07,-0.83,12.31,11.97,7,13.0516,-6.14,38.15,1.44,2026-10-08,監視中,,2026-10-09T11:58:52+09:00,ok,
KMI,KMI,USS,キンダーモルガン,環境・インフラ,米国,A1,,楽天インポート,2026-10-02,30.95,32.25,4.2,5.63,1.35,1.35,32.43,30.33,7,31.2256,3.28,59.31,1.52,2026-10-08,監視中,ブレイク,2026-10-09T11:58:52+09:00,ok,
XOM,XOM,USS,エクソンモービル・ホールディングス,環境・インフラ,米国,A1,,楽天インポート,2026-10-02,163.41,168.5,3.11,2.86,2.71,1.87,169.19,161.39,7,163.1508,3.28,64.04,1.22,2026-10-08,監視中,,2026-10-09T11:58:52+09:00,ok,
2124,2124.T,STK,ジェイエイシーリクルートメント,スイング監視,東Ｐ,1,,楽天インポート,2026-10-02,1054,1080,2.47,2.56,1.79,0.38,1083,1029,7,1017.84,6.11,69.32,0.27,2026-10-09,監視中,,2026-10-09T11:58:52+09:00,ok,
5577,5577.T,STK,,スイング監視,,,,楽天インポート,2026-10-02,,,,,,,,,7,,,,,,監視中,,2026-10-09T11:58:52+09:00,no_data,
9560,9560.T,STK,プログリット,スイング監視,東Ｇ,1,,楽天インポート,2026-10-02,895,894,-0.11,0.45,1.02,-0.56,899,864,7,893.76,0.03,55.57,0.45,2026-10-09,監視中,,2026-10-09T11:58:52+09:00,ok,
3741,3741.T,STK,セック,スイング監視,東Ｐ,1,,楽天インポート,2026-10-02,3245,3140,-3.24,-3.09,3.12,-0.49,3285,3030,7,3204.6,-2.02,47.06,0.42,2026-10-09,監視中,,2026-10-09T11:58:52+09:00,ok,
9348,9348.T,STK,ｉｓｐａｃｅ,スイング監視,東Ｇ,1,,楽天インポート,2026-10-02,409,383,-6.36,-4.73,1.59,0.53,409,371,7,408.04,-6.14,27.06,0.38,2026-10-09,うねり底値シグナル,うねり底値シグナル,2026-10-09T11:58:52+09:00,ok,
5572,5572.T,STK,ＲＩＤＧＥ－Ｉ,スイング監視,東Ｇ,1,,楽天インポート,2026-10-02,3015,3240,7.46,2.21,0.47,-0.31,3390,3010,7,3022.12,7.21,60.87,0.32,2026-10-09,監視中,,2026-10-09T11:58:52+09:00,ok,
8424,8424.T,STK,芙蓉総合リース,スイング監視,東Ｐ,1,,楽天インポート,2026-10-02,4374,4223,-3.45,-1.56,1.15,1.1,4374,4146,7,4360.4305,-3.15,40.14,0.31,2026-10-09,監視中,,2026-10-09T11:58:52+09:00,ok,
8439,8439.T,STK,東京センチュリー,スイング監視,東Ｐ,1,,楽天インポート,2026-10-02,2624,2585,-1.49,-0.02,1.33,0.78,2649.5,2529,7,2628.9957,-1.67,46.68,0.24,2026-10-09,監視中,,2026-10-09T11:58:52+09:00,ok,
8291,8291.T,STK,日産東京販売ＨＤ,スイング監視,東Ｓ,1,,楽天インポート,2026-10-02,546,536,-1.83,-0.56,0.37,0,546,532,7,539.0413,-0.56,45.08,0.5,2026-10-09,監視中,,2026-10-09T11:58:52+09:00,ok,
4183,4183.T,STK,三井化学,スイング監視,東Ｐ,1,,楽天インポート,2026-10-02,2117,2064,-2.5,-1.76,-2.48,-3.17,2191,2035.5,7,2127.4907,-2.98,43.83,0.99,2026-10-09,監視中,ギャップダウン,2026-10-09T11:58:52+09:00,ok,
6920,6920.T,STK,レーザーテック,スイング監視,東Ｐ,1,,楽天インポート,2026-10-02,45710,47370,3.63,2.69,1.63,-3,48950,45030,7,39393.6,20.25,76.17,0.57,2026-10-09,過熱警戒（寄り天・押し目待ち）,過熱警戒（寄り天・押し目待ち）|ギャップダウン,2026-10-09T11:58:52+09:00,ok,
4369,4369.T,STK,トリケミカル,スイング監視,東Ｐ,1,,楽天インポート,2026-10-02,3295,3445,4.55,6.99,1.17,-2.79,3495,3200,7,3105.44,10.93,65.47,0.5,2026-10-09,過熱警戒（寄り天・押し目待ち）,過熱警戒（寄り天・押し目待ち）|ギャップダウン,2026-10-09T11:58:52+09:00,ok,
4996,4996.T,STK,クミアイ化学,スイング監視,東Ｐ,1,,楽天インポート,2026-10-02,673,658,-2.23,-0.3,0.92,-0.46,673,645,7,696.32,-5.5,33.19,0.26,2026-10-09,監視中,,2026-10-09T11:58:52+09:00,ok,
1333,1333.T,STK,Ｕｍｉｏｓ,スイング監視,東Ｐ,1,,楽天インポート,2026-10-02,1232,1196,-2.92,-1.12,0.29,0.29,1232,1182.5,7,1244.6884,-3.91,28.54,0.26,2026-10-09,監視中,,2026-10-09T11:58:52+09:00,ok,
8091,8091.T,STK,ニチモウ,スイング監視,東Ｐ,1,,楽天インポート,2026-10-02,2379,2268,-4.67,-3.12,0.13,0.4,2379,2256,7,2345.1425,-3.29,38.76,0.43,2026-10-09,監視中,,2026-10-09T11:58:52+09:00,ok,
4371,4371.T,STK,コアコンセプト・テクノロジー,スイング監視,東Ｇ,1,,楽天インポート,2026-10-02,1562,1574,0.77,-0.32,3.28,-0.33,1614,1516,7,1487.92,5.79,62.66,0.3,2026-10-09,監視中,,2026-10-09T11:58:52+09:00,ok,
4811,4811.T,STK,ドリーム・アーツ,スイング監視,東Ｇ,1,,楽天インポート,2026-10-02,930,924,-0.65,2.55,0.43,0.43,967,901,7,901.04,2.55,56.67,0.15,2026-10-09,監視中,,2026-10-09T11:58:52+09:00,ok,
9564,9564.T,STK,ＦＣＥ,スイング監視,東Ｓ,1,,楽天インポート,2026-10-02,553,555,0.36,0.73,0.36,-0.72,567,543,7,550.5389,0.81,52.69,0.75,2026-10-09,監視中,,2026-10-09T11:58:52+09:00,ok,
4063,4063.T,STK,信越化学,スイング監視,東Ｐ,1,,楽天インポート,2026-10-02,6027,6041,0.23,0.18,-1.31,-1.49,6341,5916,7,5883.8406,2.67,53.9,0.47,2026-10-09,監視中,,2026-10-09T11:58:52+09:00,ok,
4901,4901.T,STK,富士フイルムＨＬＤＧＳ,スイング監視,東Ｐ,1,,楽天インポート,2026-10-02,3393,3417,0.71,3.11,0.03,-0.47,3460,3308,7,3303.1168,3.45,57.27,0.43,2026-10-09,監視中,,2026-10-09T11:58:52+09:00,ok,
4046,4046.T,STK,大阪ソーダ,スイング監視,東Ｐ,1,,楽天インポート,2026-10-02,2064,2113,2.37,3.78,-0.52,-1.88,2194,2005,7,2021.4593,4.53,59.23,0.48,2026-10-09,監視中,,2026-10-09T11:58:52+09:00,ok,
1934,1934.T,STK,ユアテック,スイング監視,東Ｐ,1,,楽天インポート,2026-10-02,2553,2464,-3.49,-2.11,0.74,0,2561,2413,7,2555.7405,-3.59,41.01,0.33,2026-10-09,監視中,,2026-10-09T11:58:52+09:00,ok,
1946,1946.T,STK,トーエネック,スイング監視,東Ｐ,1,,楽天インポート,2026-10-02,2142,2045,-4.53,-3.9,-0.24,-0.93,2192,2009,7,2169.1842,-5.72,36.68,0.59,2026-10-09,監視中,,2026-10-09T11:58:52+09:00,ok,
1939,1939.T,STK,四電工,スイング監視,東Ｐ,1,,楽天インポート,2026-10-02,2278,2173,-4.61,-2.69,-0.37,0.09,2287,2134,7,2246.7076,-3.28,42.43,0.34,2026-10-09,監視中,,2026-10-09T11:58:52+09:00,ok,
4979,4979.T,STK,ＯＡＴアグリオ,スイング監視,東Ｓ,1,,楽天インポート,2026-10-02,2811,2869,2.06,5.17,3.28,0.04,2883,2722,7,2876.48,-0.26,54.65,0.74,2026-10-09,監視中,,2026-10-09T11:58:52+09:00,ok,
3393,3393.T,STK,スターティアホールディングス,スイング監視,東Ｐ,1,,楽天インポート,2026-10-02,3145,3145,0,2.11,2.28,0.16,3160,3055,7,3059.6968,2.79,60.4,0.67,2026-10-09,監視中,,2026-10-09T11:58:52+09:00,ok,
6754,6754.T,STK,アンリツ,スイング監視,東Ｐ,1,,楽天インポート,2026-10-02,3451,3492,1.19,0.09,-1.36,-2.43,3710,3442,7,3310.5423,5.48,56.12,0.26,2026-10-09,監視中,ギャップダウン,2026-10-09T11:58:52+09:00,ok,
AMKR,AMKR,USS,アムコー・テクノロジー,スイング監視,米国,A9,,楽天インポート,2026-10-02,55.34,51,-7.84,-3.59,-2.43,-2.41,56.56,49.75,7,51.2952,-0.58,46.3,0.99,2026-10-08,監視中,ギャップダウン,2026-10-09T11:58:52+09:00,ok,
7532,7532.T,STK,パンパシフィックＨＤ,スイング監視,東Ｐ,1,,楽天インポート,2026-10-02,704.7,679.5,-3.58,-0.8,-0.1,0.15,704.7,673.1,7,723.496,-6.08,25.83,0.3,2026-10-09,うねり底値シグナル,うねり底値シグナル,2026-10-09T11:58:52+09:00,ok,
4980,4980.T,STK,デクセリアルズ,スイング監視,東Ｐ,1,,楽天インポート,2026-10-02,3340,3525,5.54,4.01,-1.09,-1.96,3702,3317,7,3087.8777,14.16,67.93,0.39,2026-10-09,過熱警戒（寄り天・押し目待ち）,過熱警戒（寄り天・押し目待ち）,2026-10-09T11:58:52+09:00,ok,
4040,4040.T,STK,南海化学,スイング監視,東Ｓ,1,,楽天インポート,2026-10-02,4070,4060,-0.25,1.5,1.37,0,4120,3995,7,3936.9043,3.13,60.41,0.31,2026-10-09,監視中,,2026-10-09T11:58:52+09:00,ok,
6228,6228.T,STK,ジェイ・イー・テ,スイング監視,東Ｓ,1,,楽天インポート,2026-10-02,704,675,-4.12,-6.25,-3.3,-1.43,767,643,7,590.32,14.34,66.28,0.74,2026-10-09,過熱警戒（寄り天・押し目待ち）,過熱警戒（寄り天・押し目待ち）,2026-10-09T11:58:52+09:00,ok,
6254,6254.T,STK,野村マイクロ・サイエンス,スイング監視,東Ｐ,1,,楽天インポート,2026-10-02,3545,3655,3.1,4.28,-0.81,-3.26,3840,3495,7,3421.1581,6.84,58.02,0.36,2026-10-09,監視中,ギャップダウン,2026-10-09T11:58:52+09:00,ok,
5253,5253.T,STK,カバー,スイング監視,東Ｇ,1,,楽天インポート,2026-10-02,1516,1551,2.31,3.4,1.37,1.31,1572,1481,7,1584.32,-2.1,47.7,0.51,2026-10-09,監視中,,2026-10-09T11:58:52+09:00,ok,
